solid SPHERE/5/5@ffffffff
   facet normal 6.540070E-002 8.610166E-003 -9.978219E-001
      outer loop
         vertex 6.303931E-001 1.689133E-001 -4.957224E+000
         vertex 6.526310E-001 0.000000E+000 -4.957224E+000
         vertex 3.061516E-016 0.000000E+000 -5.000000E+000
      endloop
   endfacet
   facet normal 6.540070E-002 8.610166E-003 -9.978219E-001
      outer loop
         vertex 3.061516E-016 0.000000E+000 -5.000000E+000
         vertex 2.957197E-016 7.923786E-017 -5.000000E+000
         vertex 6.303931E-001 1.689133E-001 -4.957224E+000
      endloop
   endfacet
   facet normal 6.094376E-002 2.524373E-002 -9.978219E-001
      outer loop
         vertex 5.651950E-001 3.263155E-001 -4.957224E+000
         vertex 6.303931E-001 1.689133E-001 -4.957224E+000
         vertex 2.957197E-016 7.923786E-017 -5.000000E+000
      endloop
   endfacet
   facet normal 6.094376E-002 2.524373E-002 -9.978219E-001
      outer loop
         vertex 2.957197E-016 7.923786E-017 -5.000000E+000
         vertex 2.651351E-016 1.530758E-016 -5.000000E+000
         vertex 5.651950E-001 3.263155E-001 -4.957224E+000
      endloop
   endfacet
   facet normal 5.233359E-002 4.015698E-002 -9.978219E-001
      outer loop
         vertex 4.614798E-001 4.614798E-001 -4.957224E+000
         vertex 5.651950E-001 3.263155E-001 -4.957224E+000
         vertex 2.651351E-016 1.530758E-016 -5.000000E+000
      endloop
   endfacet
   facet normal 5.233359E-002 4.015698E-002 -9.978219E-001
      outer loop
         vertex 2.651351E-016 1.530758E-016 -5.000000E+000
         vertex 2.164819E-016 2.164819E-016 -5.000000E+000
         vertex 4.614798E-001 4.614798E-001 -4.957224E+000
      endloop
   endfacet
   facet normal 4.015698E-002 5.233359E-002 -9.978219E-001
      outer loop
         vertex 3.263155E-001 5.651950E-001 -4.957224E+000
         vertex 4.614798E-001 4.614798E-001 -4.957224E+000
         vertex 2.164819E-016 2.164819E-016 -5.000000E+000
      endloop
   endfacet
   facet normal 4.015698E-002 5.233359E-002 -9.978219E-001
      outer loop
         vertex 2.164819E-016 2.164819E-016 -5.000000E+000
         vertex 1.530758E-016 2.651351E-016 -5.000000E+000
         vertex 3.263155E-001 5.651950E-001 -4.957224E+000
      endloop
   endfacet
   facet normal 2.524373E-002 6.094376E-002 -9.978219E-001
      outer loop
         vertex 1.689133E-001 6.303931E-001 -4.957224E+000
         vertex 3.263155E-001 5.651950E-001 -4.957224E+000
         vertex 1.530758E-016 2.651351E-016 -5.000000E+000
      endloop
   endfacet
   facet normal 2.524373E-002 6.094376E-002 -9.978219E-001
      outer loop
         vertex 1.530758E-016 2.651351E-016 -5.000000E+000
         vertex 7.923786E-017 2.957197E-016 -5.000000E+000
         vertex 1.689133E-001 6.303931E-001 -4.957224E+000
      endloop
   endfacet
   facet normal 8.610166E-003 6.540070E-002 -9.978219E-001
      outer loop
         vertex 3.996080E-017 6.526310E-001 -4.957224E+000
         vertex 1.689133E-001 6.303931E-001 -4.957224E+000
         vertex 7.923786E-017 2.957197E-016 -5.000000E+000
      endloop
   endfacet
   facet normal 8.610166E-003 6.540070E-002 -9.978219E-001
      outer loop
         vertex 7.923786E-017 2.957197E-016 -5.000000E+000
         vertex 1.874576E-032 3.061516E-016 -5.000000E+000
         vertex 3.996080E-017 6.526310E-001 -4.957224E+000
      endloop
   endfacet
   facet normal -8.610166E-003 6.540070E-002 -9.978219E-001
      outer loop
         vertex -1.689133E-001 6.303931E-001 -4.957224E+000
         vertex 3.996080E-017 6.526310E-001 -4.957224E+000
         vertex 1.874576E-032 3.061516E-016 -5.000000E+000
      endloop
   endfacet
   facet normal -8.610166E-003 6.540070E-002 -9.978219E-001
      outer loop
         vertex 1.874576E-032 3.061516E-016 -5.000000E+000
         vertex -7.923786E-017 2.957197E-016 -5.000000E+000
         vertex -1.689133E-001 6.303931E-001 -4.957224E+000
      endloop
   endfacet
   facet normal -2.524373E-002 6.094376E-002 -9.978219E-001
      outer loop
         vertex -3.263155E-001 5.651950E-001 -4.957224E+000
         vertex -1.689133E-001 6.303931E-001 -4.957224E+000
         vertex -7.923786E-017 2.957197E-016 -5.000000E+000
      endloop
   endfacet
   facet normal -2.524373E-002 6.094376E-002 -9.978219E-001
      outer loop
         vertex -7.923786E-017 2.957197E-016 -5.000000E+000
         vertex -1.530758E-016 2.651351E-016 -5.000000E+000
         vertex -3.263155E-001 5.651950E-001 -4.957224E+000
      endloop
   endfacet
   facet normal -4.015698E-002 5.233359E-002 -9.978219E-001
      outer loop
         vertex -4.614798E-001 4.614798E-001 -4.957224E+000
         vertex -3.263155E-001 5.651950E-001 -4.957224E+000
         vertex -1.530758E-016 2.651351E-016 -5.000000E+000
      endloop
   endfacet
   facet normal -4.015698E-002 5.233359E-002 -9.978219E-001
      outer loop
         vertex -1.530758E-016 2.651351E-016 -5.000000E+000
         vertex -2.164819E-016 2.164819E-016 -5.000000E+000
         vertex -4.614798E-001 4.614798E-001 -4.957224E+000
      endloop
   endfacet
   facet normal -5.233359E-002 4.015698E-002 -9.978219E-001
      outer loop
         vertex -5.651950E-001 3.263155E-001 -4.957224E+000
         vertex -4.614798E-001 4.614798E-001 -4.957224E+000
         vertex -2.164819E-016 2.164819E-016 -5.000000E+000
      endloop
   endfacet
   facet normal -5.233359E-002 4.015698E-002 -9.978219E-001
      outer loop
         vertex -2.164819E-016 2.164819E-016 -5.000000E+000
         vertex -2.651351E-016 1.530758E-016 -5.000000E+000
         vertex -5.651950E-001 3.263155E-001 -4.957224E+000
      endloop
   endfacet
   facet normal -6.094376E-002 2.524373E-002 -9.978219E-001
      outer loop
         vertex -6.303931E-001 1.689133E-001 -4.957224E+000
         vertex -5.651950E-001 3.263155E-001 -4.957224E+000
         vertex -2.651351E-016 1.530758E-016 -5.000000E+000
      endloop
   endfacet
   facet normal -6.094376E-002 2.524373E-002 -9.978219E-001
      outer loop
         vertex -2.651351E-016 1.530758E-016 -5.000000E+000
         vertex -2.957197E-016 7.923786E-017 -5.000000E+000
         vertex -6.303931E-001 1.689133E-001 -4.957224E+000
      endloop
   endfacet
   facet normal -6.540070E-002 8.610166E-003 -9.978219E-001
      outer loop
         vertex -6.526310E-001 7.992160E-017 -4.957224E+000
         vertex -6.303931E-001 1.689133E-001 -4.957224E+000
         vertex -2.957197E-016 7.923786E-017 -5.000000E+000
      endloop
   endfacet
   facet normal -6.540070E-002 8.610166E-003 -9.978219E-001
      outer loop
         vertex -2.957197E-016 7.923786E-017 -5.000000E+000
         vertex -3.061516E-016 3.749152E-032 -5.000000E+000
         vertex -6.526310E-001 7.992160E-017 -4.957224E+000
      endloop
   endfacet
   facet normal -6.540070E-002 -8.610166E-003 -9.978219E-001
      outer loop
         vertex -6.303931E-001 -1.689133E-001 -4.957224E+000
         vertex -6.526310E-001 7.992160E-017 -4.957224E+000
         vertex -3.061516E-016 3.749152E-032 -5.000000E+000
      endloop
   endfacet
   facet normal -6.540070E-002 -8.610166E-003 -9.978219E-001
      outer loop
         vertex -3.061516E-016 3.749152E-032 -5.000000E+000
         vertex -2.957197E-016 -7.923786E-017 -5.000000E+000
         vertex -6.303931E-001 -1.689133E-001 -4.957224E+000
      endloop
   endfacet
   facet normal -6.094376E-002 -2.524373E-002 -9.978219E-001
      outer loop
         vertex -5.651950E-001 -3.263155E-001 -4.957224E+000
         vertex -6.303931E-001 -1.689133E-001 -4.957224E+000
         vertex -2.957197E-016 -7.923786E-017 -5.000000E+000
      endloop
   endfacet
   facet normal -6.094376E-002 -2.524373E-002 -9.978219E-001
      outer loop
         vertex -2.957197E-016 -7.923786E-017 -5.000000E+000
         vertex -2.651351E-016 -1.530758E-016 -5.000000E+000
         vertex -5.651950E-001 -3.263155E-001 -4.957224E+000
      endloop
   endfacet
   facet normal -5.233359E-002 -4.015698E-002 -9.978219E-001
      outer loop
         vertex -4.614798E-001 -4.614798E-001 -4.957224E+000
         vertex -5.651950E-001 -3.263155E-001 -4.957224E+000
         vertex -2.651351E-016 -1.530758E-016 -5.000000E+000
      endloop
   endfacet
   facet normal -5.233359E-002 -4.015698E-002 -9.978219E-001
      outer loop
         vertex -2.651351E-016 -1.530758E-016 -5.000000E+000
         vertex -2.164819E-016 -2.164819E-016 -5.000000E+000
         vertex -4.614798E-001 -4.614798E-001 -4.957224E+000
      endloop
   endfacet
   facet normal -4.015698E-002 -5.233359E-002 -9.978219E-001
      outer loop
         vertex -3.263155E-001 -5.651950E-001 -4.957224E+000
         vertex -4.614798E-001 -4.614798E-001 -4.957224E+000
         vertex -2.164819E-016 -2.164819E-016 -5.000000E+000
      endloop
   endfacet
   facet normal -4.015698E-002 -5.233359E-002 -9.978219E-001
      outer loop
         vertex -2.164819E-016 -2.164819E-016 -5.000000E+000
         vertex -1.530758E-016 -2.651351E-016 -5.000000E+000
         vertex -3.263155E-001 -5.651950E-001 -4.957224E+000
      endloop
   endfacet
   facet normal -2.524373E-002 -6.094376E-002 -9.978219E-001
      outer loop
         vertex -1.689133E-001 -6.303931E-001 -4.957224E+000
         vertex -3.263155E-001 -5.651950E-001 -4.957224E+000
         vertex -1.530758E-016 -2.651351E-016 -5.000000E+000
      endloop
   endfacet
   facet normal -2.524373E-002 -6.094376E-002 -9.978219E-001
      outer loop
         vertex -1.530758E-016 -2.651351E-016 -5.000000E+000
         vertex -7.923786E-017 -2.957197E-016 -5.000000E+000
         vertex -1.689133E-001 -6.303931E-001 -4.957224E+000
      endloop
   endfacet
   facet normal -8.610166E-003 -6.540070E-002 -9.978219E-001
      outer loop
         vertex -1.198824E-016 -6.526310E-001 -4.957224E+000
         vertex -1.689133E-001 -6.303931E-001 -4.957224E+000
         vertex -7.923786E-017 -2.957197E-016 -5.000000E+000
      endloop
   endfacet
   facet normal -8.610166E-003 -6.540070E-002 -9.978219E-001
      outer loop
         vertex -7.923786E-017 -2.957197E-016 -5.000000E+000
         vertex -5.623728E-032 -3.061516E-016 -5.000000E+000
         vertex -1.198824E-016 -6.526310E-001 -4.957224E+000
      endloop
   endfacet
   facet normal 8.610166E-003 -6.540070E-002 -9.978219E-001
      outer loop
         vertex 1.689133E-001 -6.303931E-001 -4.957224E+000
         vertex -1.198824E-016 -6.526310E-001 -4.957224E+000
         vertex -5.623728E-032 -3.061516E-016 -5.000000E+000
      endloop
   endfacet
   facet normal 8.610166E-003 -6.540070E-002 -9.978219E-001
      outer loop
         vertex -5.623728E-032 -3.061516E-016 -5.000000E+000
         vertex 7.923786E-017 -2.957197E-016 -5.000000E+000
         vertex 1.689133E-001 -6.303931E-001 -4.957224E+000
      endloop
   endfacet
   facet normal 2.524373E-002 -6.094376E-002 -9.978219E-001
      outer loop
         vertex 3.263155E-001 -5.651950E-001 -4.957224E+000
         vertex 1.689133E-001 -6.303931E-001 -4.957224E+000
         vertex 7.923786E-017 -2.957197E-016 -5.000000E+000
      endloop
   endfacet
   facet normal 2.524373E-002 -6.094376E-002 -9.978219E-001
      outer loop
         vertex 7.923786E-017 -2.957197E-016 -5.000000E+000
         vertex 1.530758E-016 -2.651351E-016 -5.000000E+000
         vertex 3.263155E-001 -5.651950E-001 -4.957224E+000
      endloop
   endfacet
   facet normal 4.015698E-002 -5.233359E-002 -9.978219E-001
      outer loop
         vertex 4.614798E-001 -4.614798E-001 -4.957224E+000
         vertex 3.263155E-001 -5.651950E-001 -4.957224E+000
         vertex 1.530758E-016 -2.651351E-016 -5.000000E+000
      endloop
   endfacet
   facet normal 4.015698E-002 -5.233359E-002 -9.978219E-001
      outer loop
         vertex 1.530758E-016 -2.651351E-016 -5.000000E+000
         vertex 2.164819E-016 -2.164819E-016 -5.000000E+000
         vertex 4.614798E-001 -4.614798E-001 -4.957224E+000
      endloop
   endfacet
   facet normal 5.233359E-002 -4.015698E-002 -9.978219E-001
      outer loop
         vertex 5.651950E-001 -3.263155E-001 -4.957224E+000
         vertex 4.614798E-001 -4.614798E-001 -4.957224E+000
         vertex 2.164819E-016 -2.164819E-016 -5.000000E+000
      endloop
   endfacet
   facet normal 5.233359E-002 -4.015698E-002 -9.978219E-001
      outer loop
         vertex 2.164819E-016 -2.164819E-016 -5.000000E+000
         vertex 2.651351E-016 -1.530758E-016 -5.000000E+000
         vertex 5.651950E-001 -3.263155E-001 -4.957224E+000
      endloop
   endfacet
   facet normal 6.094376E-002 -2.524373E-002 -9.978219E-001
      outer loop
         vertex 6.303931E-001 -1.689133E-001 -4.957224E+000
         vertex 5.651950E-001 -3.263155E-001 -4.957224E+000
         vertex 2.651351E-016 -1.530758E-016 -5.000000E+000
      endloop
   endfacet
   facet normal 6.094376E-002 -2.524373E-002 -9.978219E-001
      outer loop
         vertex 2.651351E-016 -1.530758E-016 -5.000000E+000
         vertex 2.957197E-016 -7.923786E-017 -5.000000E+000
         vertex 6.303931E-001 -1.689133E-001 -4.957224E+000
      endloop
   endfacet
   facet normal 6.540070E-002 -8.610166E-003 -9.978219E-001
      outer loop
         vertex 6.526310E-001 -1.598432E-016 -4.957224E+000
         vertex 6.303931E-001 -1.689133E-001 -4.957224E+000
         vertex 2.957197E-016 -7.923786E-017 -5.000000E+000
      endloop
   endfacet
   facet normal 6.540070E-002 -8.610166E-003 -9.978219E-001
      outer loop
         vertex 2.957197E-016 -7.923786E-017 -5.000000E+000
         vertex 3.061516E-016 -7.498303E-032 -5.000000E+000
         vertex 6.526310E-001 -1.598432E-016 -4.957224E+000
      endloop
   endfacet
   facet normal 1.950260E-001 2.567566E-002 -9.804620E-001
      outer loop
         vertex 1.250000E+000 3.349365E-001 -4.829629E+000
         vertex 1.294095E+000 0.000000E+000 -4.829629E+000
         vertex 6.526310E-001 0.000000E+000 -4.957224E+000
      endloop
   endfacet
   facet normal 1.950260E-001 2.567566E-002 -9.804620E-001
      outer loop
         vertex 6.526310E-001 0.000000E+000 -4.957224E+000
         vertex 6.303931E-001 1.689133E-001 -4.957224E+000
         vertex 1.250000E+000 3.349365E-001 -4.829629E+000
      endloop
   endfacet
   facet normal 1.817353E-001 7.527723E-002 -9.804620E-001
      outer loop
         vertex 1.120719E+000 6.470476E-001 -4.829629E+000
         vertex 1.250000E+000 3.349365E-001 -4.829629E+000
         vertex 6.303931E-001 1.689133E-001 -4.957224E+000
      endloop
   endfacet
   facet normal 1.817353E-001 7.527723E-002 -9.804620E-001
      outer loop
         vertex 6.303931E-001 1.689133E-001 -4.957224E+000
         vertex 5.651950E-001 3.263155E-001 -4.957224E+000
         vertex 1.120719E+000 6.470476E-001 -4.829629E+000
      endloop
   endfacet
   facet normal 1.560596E-001 1.197488E-001 -9.804620E-001
      outer loop
         vertex 9.150635E-001 9.150635E-001 -4.829629E+000
         vertex 1.120719E+000 6.470476E-001 -4.829629E+000
         vertex 5.651950E-001 3.263155E-001 -4.957224E+000
      endloop
   endfacet
   facet normal 1.560596E-001 1.197488E-001 -9.804620E-001
      outer loop
         vertex 5.651950E-001 3.263155E-001 -4.957224E+000
         vertex 4.614798E-001 4.614798E-001 -4.957224E+000
         vertex 9.150635E-001 9.150635E-001 -4.829629E+000
      endloop
   endfacet
   facet normal 1.197488E-001 1.560596E-001 -9.804620E-001
      outer loop
         vertex 6.470476E-001 1.120719E+000 -4.829629E+000
         vertex 9.150635E-001 9.150635E-001 -4.829629E+000
         vertex 4.614798E-001 4.614798E-001 -4.957224E+000
      endloop
   endfacet
   facet normal 1.197488E-001 1.560596E-001 -9.804620E-001
      outer loop
         vertex 4.614798E-001 4.614798E-001 -4.957224E+000
         vertex 3.263155E-001 5.651950E-001 -4.957224E+000
         vertex 6.470476E-001 1.120719E+000 -4.829629E+000
      endloop
   endfacet
   facet normal 7.527723E-002 1.817353E-001 -9.804620E-001
      outer loop
         vertex 3.349365E-001 1.250000E+000 -4.829629E+000
         vertex 6.470476E-001 1.120719E+000 -4.829629E+000
         vertex 3.263155E-001 5.651950E-001 -4.957224E+000
      endloop
   endfacet
   facet normal 7.527723E-002 1.817353E-001 -9.804620E-001
      outer loop
         vertex 3.263155E-001 5.651950E-001 -4.957224E+000
         vertex 1.689133E-001 6.303931E-001 -4.957224E+000
         vertex 3.349365E-001 1.250000E+000 -4.829629E+000
      endloop
   endfacet
   facet normal 2.567566E-002 1.950260E-001 -9.804620E-001
      outer loop
         vertex 7.923786E-017 1.294095E+000 -4.829629E+000
         vertex 3.349365E-001 1.250000E+000 -4.829629E+000
         vertex 1.689133E-001 6.303931E-001 -4.957224E+000
      endloop
   endfacet
   facet normal 2.567566E-002 1.950260E-001 -9.804620E-001
      outer loop
         vertex 1.689133E-001 6.303931E-001 -4.957224E+000
         vertex 3.996080E-017 6.526310E-001 -4.957224E+000
         vertex 7.923786E-017 1.294095E+000 -4.829629E+000
      endloop
   endfacet
   facet normal -2.567566E-002 1.950260E-001 -9.804620E-001
      outer loop
         vertex -3.349365E-001 1.250000E+000 -4.829629E+000
         vertex 7.923786E-017 1.294095E+000 -4.829629E+000
         vertex 3.996080E-017 6.526310E-001 -4.957224E+000
      endloop
   endfacet
   facet normal -2.567566E-002 1.950260E-001 -9.804620E-001
      outer loop
         vertex 3.996080E-017 6.526310E-001 -4.957224E+000
         vertex -1.689133E-001 6.303931E-001 -4.957224E+000
         vertex -3.349365E-001 1.250000E+000 -4.829629E+000
      endloop
   endfacet
   facet normal -7.527723E-002 1.817353E-001 -9.804620E-001
      outer loop
         vertex -6.470476E-001 1.120719E+000 -4.829629E+000
         vertex -3.349365E-001 1.250000E+000 -4.829629E+000
         vertex -1.689133E-001 6.303931E-001 -4.957224E+000
      endloop
   endfacet
   facet normal -7.527723E-002 1.817353E-001 -9.804620E-001
      outer loop
         vertex -1.689133E-001 6.303931E-001 -4.957224E+000
         vertex -3.263155E-001 5.651950E-001 -4.957224E+000
         vertex -6.470476E-001 1.120719E+000 -4.829629E+000
      endloop
   endfacet
   facet normal -1.197488E-001 1.560596E-001 -9.804620E-001
      outer loop
         vertex -9.150635E-001 9.150635E-001 -4.829629E+000
         vertex -6.470476E-001 1.120719E+000 -4.829629E+000
         vertex -3.263155E-001 5.651950E-001 -4.957224E+000
      endloop
   endfacet
   facet normal -1.197488E-001 1.560596E-001 -9.804620E-001
      outer loop
         vertex -3.263155E-001 5.651950E-001 -4.957224E+000
         vertex -4.614798E-001 4.614798E-001 -4.957224E+000
         vertex -9.150635E-001 9.150635E-001 -4.829629E+000
      endloop
   endfacet
   facet normal -1.560596E-001 1.197488E-001 -9.804620E-001
      outer loop
         vertex -1.120719E+000 6.470476E-001 -4.829629E+000
         vertex -9.150635E-001 9.150635E-001 -4.829629E+000
         vertex -4.614798E-001 4.614798E-001 -4.957224E+000
      endloop
   endfacet
   facet normal -1.560596E-001 1.197488E-001 -9.804620E-001
      outer loop
         vertex -4.614798E-001 4.614798E-001 -4.957224E+000
         vertex -5.651950E-001 3.263155E-001 -4.957224E+000
         vertex -1.120719E+000 6.470476E-001 -4.829629E+000
      endloop
   endfacet
   facet normal -1.817353E-001 7.527723E-002 -9.804620E-001
      outer loop
         vertex -1.250000E+000 3.349365E-001 -4.829629E+000
         vertex -1.120719E+000 6.470476E-001 -4.829629E+000
         vertex -5.651950E-001 3.263155E-001 -4.957224E+000
      endloop
   endfacet
   facet normal -1.817353E-001 7.527723E-002 -9.804620E-001
      outer loop
         vertex -5.651950E-001 3.263155E-001 -4.957224E+000
         vertex -6.303931E-001 1.689133E-001 -4.957224E+000
         vertex -1.250000E+000 3.349365E-001 -4.829629E+000
      endloop
   endfacet
   facet normal -1.950260E-001 2.567566E-002 -9.804620E-001
      outer loop
         vertex -1.294095E+000 1.584757E-016 -4.829629E+000
         vertex -1.250000E+000 3.349365E-001 -4.829629E+000
         vertex -6.303931E-001 1.689133E-001 -4.957224E+000
      endloop
   endfacet
   facet normal -1.950260E-001 2.567566E-002 -9.804620E-001
      outer loop
         vertex -6.303931E-001 1.689133E-001 -4.957224E+000
         vertex -6.526310E-001 7.992160E-017 -4.957224E+000
         vertex -1.294095E+000 1.584757E-016 -4.829629E+000
      endloop
   endfacet
   facet normal -1.950260E-001 -2.567566E-002 -9.804620E-001
      outer loop
         vertex -1.250000E+000 -3.349365E-001 -4.829629E+000
         vertex -1.294095E+000 1.584757E-016 -4.829629E+000
         vertex -6.526310E-001 7.992160E-017 -4.957224E+000
      endloop
   endfacet
   facet normal -1.950260E-001 -2.567566E-002 -9.804620E-001
      outer loop
         vertex -6.526310E-001 7.992160E-017 -4.957224E+000
         vertex -6.303931E-001 -1.689133E-001 -4.957224E+000
         vertex -1.250000E+000 -3.349365E-001 -4.829629E+000
      endloop
   endfacet
   facet normal -1.817353E-001 -7.527723E-002 -9.804620E-001
      outer loop
         vertex -1.120719E+000 -6.470476E-001 -4.829629E+000
         vertex -1.250000E+000 -3.349365E-001 -4.829629E+000
         vertex -6.303931E-001 -1.689133E-001 -4.957224E+000
      endloop
   endfacet
   facet normal -1.817353E-001 -7.527723E-002 -9.804620E-001
      outer loop
         vertex -6.303931E-001 -1.689133E-001 -4.957224E+000
         vertex -5.651950E-001 -3.263155E-001 -4.957224E+000
         vertex -1.120719E+000 -6.470476E-001 -4.829629E+000
      endloop
   endfacet
   facet normal -1.560596E-001 -1.197488E-001 -9.804620E-001
      outer loop
         vertex -9.150635E-001 -9.150635E-001 -4.829629E+000
         vertex -1.120719E+000 -6.470476E-001 -4.829629E+000
         vertex -5.651950E-001 -3.263155E-001 -4.957224E+000
      endloop
   endfacet
   facet normal -1.560596E-001 -1.197488E-001 -9.804620E-001
      outer loop
         vertex -5.651950E-001 -3.263155E-001 -4.957224E+000
         vertex -4.614798E-001 -4.614798E-001 -4.957224E+000
         vertex -9.150635E-001 -9.150635E-001 -4.829629E+000
      endloop
   endfacet
   facet normal -1.197488E-001 -1.560596E-001 -9.804620E-001
      outer loop
         vertex -6.470476E-001 -1.120719E+000 -4.829629E+000
         vertex -9.150635E-001 -9.150635E-001 -4.829629E+000
         vertex -4.614798E-001 -4.614798E-001 -4.957224E+000
      endloop
   endfacet
   facet normal -1.197488E-001 -1.560596E-001 -9.804620E-001
      outer loop
         vertex -4.614798E-001 -4.614798E-001 -4.957224E+000
         vertex -3.263155E-001 -5.651950E-001 -4.957224E+000
         vertex -6.470476E-001 -1.120719E+000 -4.829629E+000
      endloop
   endfacet
   facet normal -7.527723E-002 -1.817353E-001 -9.804620E-001
      outer loop
         vertex -3.349365E-001 -1.250000E+000 -4.829629E+000
         vertex -6.470476E-001 -1.120719E+000 -4.829629E+000
         vertex -3.263155E-001 -5.651950E-001 -4.957224E+000
      endloop
   endfacet
   facet normal -7.527723E-002 -1.817353E-001 -9.804620E-001
      outer loop
         vertex -3.263155E-001 -5.651950E-001 -4.957224E+000
         vertex -1.689133E-001 -6.303931E-001 -4.957224E+000
         vertex -3.349365E-001 -1.250000E+000 -4.829629E+000
      endloop
   endfacet
   facet normal -2.567566E-002 -1.950260E-001 -9.804620E-001
      outer loop
         vertex -2.377136E-016 -1.294095E+000 -4.829629E+000
         vertex -3.349365E-001 -1.250000E+000 -4.829629E+000
         vertex -1.689133E-001 -6.303931E-001 -4.957224E+000
      endloop
   endfacet
   facet normal -2.567566E-002 -1.950260E-001 -9.804620E-001
      outer loop
         vertex -1.689133E-001 -6.303931E-001 -4.957224E+000
         vertex -1.198824E-016 -6.526310E-001 -4.957224E+000
         vertex -2.377136E-016 -1.294095E+000 -4.829629E+000
      endloop
   endfacet
   facet normal 2.567566E-002 -1.950260E-001 -9.804620E-001
      outer loop
         vertex 3.349365E-001 -1.250000E+000 -4.829629E+000
         vertex -2.377136E-016 -1.294095E+000 -4.829629E+000
         vertex -1.198824E-016 -6.526310E-001 -4.957224E+000
      endloop
   endfacet
   facet normal 2.567566E-002 -1.950260E-001 -9.804620E-001
      outer loop
         vertex -1.198824E-016 -6.526310E-001 -4.957224E+000
         vertex 1.689133E-001 -6.303931E-001 -4.957224E+000
         vertex 3.349365E-001 -1.250000E+000 -4.829629E+000
      endloop
   endfacet
   facet normal 7.527723E-002 -1.817353E-001 -9.804620E-001
      outer loop
         vertex 6.470476E-001 -1.120719E+000 -4.829629E+000
         vertex 3.349365E-001 -1.250000E+000 -4.829629E+000
         vertex 1.689133E-001 -6.303931E-001 -4.957224E+000
      endloop
   endfacet
   facet normal 7.527723E-002 -1.817353E-001 -9.804620E-001
      outer loop
         vertex 1.689133E-001 -6.303931E-001 -4.957224E+000
         vertex 3.263155E-001 -5.651950E-001 -4.957224E+000
         vertex 6.470476E-001 -1.120719E+000 -4.829629E+000
      endloop
   endfacet
   facet normal 1.197488E-001 -1.560596E-001 -9.804620E-001
      outer loop
         vertex 9.150635E-001 -9.150635E-001 -4.829629E+000
         vertex 6.470476E-001 -1.120719E+000 -4.829629E+000
         vertex 3.263155E-001 -5.651950E-001 -4.957224E+000
      endloop
   endfacet
   facet normal 1.197488E-001 -1.560596E-001 -9.804620E-001
      outer loop
         vertex 3.263155E-001 -5.651950E-001 -4.957224E+000
         vertex 4.614798E-001 -4.614798E-001 -4.957224E+000
         vertex 9.150635E-001 -9.150635E-001 -4.829629E+000
      endloop
   endfacet
   facet normal 1.560596E-001 -1.197488E-001 -9.804620E-001
      outer loop
         vertex 1.120719E+000 -6.470476E-001 -4.829629E+000
         vertex 9.150635E-001 -9.150635E-001 -4.829629E+000
         vertex 4.614798E-001 -4.614798E-001 -4.957224E+000
      endloop
   endfacet
   facet normal 1.560596E-001 -1.197488E-001 -9.804620E-001
      outer loop
         vertex 4.614798E-001 -4.614798E-001 -4.957224E+000
         vertex 5.651950E-001 -3.263155E-001 -4.957224E+000
         vertex 1.120719E+000 -6.470476E-001 -4.829629E+000
      endloop
   endfacet
   facet normal 1.817353E-001 -7.527723E-002 -9.804620E-001
      outer loop
         vertex 1.250000E+000 -3.349365E-001 -4.829629E+000
         vertex 1.120719E+000 -6.470476E-001 -4.829629E+000
         vertex 5.651950E-001 -3.263155E-001 -4.957224E+000
      endloop
   endfacet
   facet normal 1.817353E-001 -7.527723E-002 -9.804620E-001
      outer loop
         vertex 5.651950E-001 -3.263155E-001 -4.957224E+000
         vertex 6.303931E-001 -1.689133E-001 -4.957224E+000
         vertex 1.250000E+000 -3.349365E-001 -4.829629E+000
      endloop
   endfacet
   facet normal 1.950260E-001 -2.567566E-002 -9.804620E-001
      outer loop
         vertex 1.294095E+000 -3.169514E-016 -4.829629E+000
         vertex 1.250000E+000 -3.349365E-001 -4.829629E+000
         vertex 6.303931E-001 -1.689133E-001 -4.957224E+000
      endloop
   endfacet
   facet normal 1.950260E-001 -2.567566E-002 -9.804620E-001
      outer loop
         vertex 6.303931E-001 -1.689133E-001 -4.957224E+000
         vertex 6.526310E-001 -1.598432E-016 -4.957224E+000
         vertex 1.294095E+000 -3.169514E-016 -4.829629E+000
      endloop
   endfacet
   facet normal 3.211520E-001 4.228047E-002 -9.460834E-001
      outer loop
         vertex 1.848219E+000 4.952288E-001 -4.619398E+000
         vertex 1.913417E+000 0.000000E+000 -4.619398E+000
         vertex 1.294095E+000 0.000000E+000 -4.829629E+000
      endloop
   endfacet
   facet normal 3.211520E-001 4.228047E-002 -9.460834E-001
      outer loop
         vertex 1.294095E+000 0.000000E+000 -4.829629E+000
         vertex 1.250000E+000 3.349365E-001 -4.829629E+000
         vertex 1.848219E+000 4.952288E-001 -4.619398E+000
      endloop
   endfacet
   facet normal 2.992660E-001 1.239601E-001 -9.460834E-001
      outer loop
         vertex 1.657068E+000 9.567086E-001 -4.619398E+000
         vertex 1.848219E+000 4.952288E-001 -4.619398E+000
         vertex 1.250000E+000 3.349365E-001 -4.829629E+000
      endloop
   endfacet
   facet normal 2.992660E-001 1.239601E-001 -9.460834E-001
      outer loop
         vertex 1.250000E+000 3.349365E-001 -4.829629E+000
         vertex 1.120719E+000 6.470476E-001 -4.829629E+000
         vertex 1.657068E+000 9.567086E-001 -4.619398E+000
      endloop
   endfacet
   facet normal 2.569856E-001 1.971920E-001 -9.460834E-001
      outer loop
         vertex 1.352990E+000 1.352990E+000 -4.619398E+000
         vertex 1.657068E+000 9.567086E-001 -4.619398E+000
         vertex 1.120719E+000 6.470476E-001 -4.829629E+000
      endloop
   endfacet
   facet normal 2.569856E-001 1.971920E-001 -9.460834E-001
      outer loop
         vertex 1.120719E+000 6.470476E-001 -4.829629E+000
         vertex 9.150635E-001 9.150635E-001 -4.829629E+000
         vertex 1.352990E+000 1.352990E+000 -4.619398E+000
      endloop
   endfacet
   facet normal 1.971920E-001 2.569856E-001 -9.460834E-001
      outer loop
         vertex 9.567086E-001 1.657068E+000 -4.619398E+000
         vertex 1.352990E+000 1.352990E+000 -4.619398E+000
         vertex 9.150635E-001 9.150635E-001 -4.829629E+000
      endloop
   endfacet
   facet normal 1.971920E-001 2.569856E-001 -9.460834E-001
      outer loop
         vertex 9.150635E-001 9.150635E-001 -4.829629E+000
         vertex 6.470476E-001 1.120719E+000 -4.829629E+000
         vertex 9.567086E-001 1.657068E+000 -4.619398E+000
      endloop
   endfacet
   facet normal 1.239601E-001 2.992660E-001 -9.460834E-001
      outer loop
         vertex 4.952288E-001 1.848219E+000 -4.619398E+000
         vertex 9.567086E-001 1.657068E+000 -4.619398E+000
         vertex 6.470476E-001 1.120719E+000 -4.829629E+000
      endloop
   endfacet
   facet normal 1.239601E-001 2.992660E-001 -9.460834E-001
      outer loop
         vertex 6.470476E-001 1.120719E+000 -4.829629E+000
         vertex 3.349365E-001 1.250000E+000 -4.829629E+000
         vertex 4.952288E-001 1.848219E+000 -4.619398E+000
      endloop
   endfacet
   facet normal 4.228047E-002 3.211520E-001 -9.460834E-001
      outer loop
         vertex 1.171591E-016 1.913417E+000 -4.619398E+000
         vertex 4.952288E-001 1.848219E+000 -4.619398E+000
         vertex 3.349365E-001 1.250000E+000 -4.829629E+000
      endloop
   endfacet
   facet normal 4.228047E-002 3.211520E-001 -9.460834E-001
      outer loop
         vertex 3.349365E-001 1.250000E+000 -4.829629E+000
         vertex 7.923786E-017 1.294095E+000 -4.829629E+000
         vertex 1.171591E-016 1.913417E+000 -4.619398E+000
      endloop
   endfacet
   facet normal -4.228047E-002 3.211520E-001 -9.460834E-001
      outer loop
         vertex -4.952288E-001 1.848219E+000 -4.619398E+000
         vertex 1.171591E-016 1.913417E+000 -4.619398E+000
         vertex 7.923786E-017 1.294095E+000 -4.829629E+000
      endloop
   endfacet
   facet normal -4.228047E-002 3.211520E-001 -9.460834E-001
      outer loop
         vertex 7.923786E-017 1.294095E+000 -4.829629E+000
         vertex -3.349365E-001 1.250000E+000 -4.829629E+000
         vertex -4.952288E-001 1.848219E+000 -4.619398E+000
      endloop
   endfacet
   facet normal -1.239601E-001 2.992660E-001 -9.460834E-001
      outer loop
         vertex -9.567086E-001 1.657068E+000 -4.619398E+000
         vertex -4.952288E-001 1.848219E+000 -4.619398E+000
         vertex -3.349365E-001 1.250000E+000 -4.829629E+000
      endloop
   endfacet
   facet normal -1.239601E-001 2.992660E-001 -9.460834E-001
      outer loop
         vertex -3.349365E-001 1.250000E+000 -4.829629E+000
         vertex -6.470476E-001 1.120719E+000 -4.829629E+000
         vertex -9.567086E-001 1.657068E+000 -4.619398E+000
      endloop
   endfacet
   facet normal -1.971920E-001 2.569856E-001 -9.460834E-001
      outer loop
         vertex -1.352990E+000 1.352990E+000 -4.619398E+000
         vertex -9.567086E-001 1.657068E+000 -4.619398E+000
         vertex -6.470476E-001 1.120719E+000 -4.829629E+000
      endloop
   endfacet
   facet normal -1.971920E-001 2.569856E-001 -9.460834E-001
      outer loop
         vertex -6.470476E-001 1.120719E+000 -4.829629E+000
         vertex -9.150635E-001 9.150635E-001 -4.829629E+000
         vertex -1.352990E+000 1.352990E+000 -4.619398E+000
      endloop
   endfacet
   facet normal -2.569856E-001 1.971920E-001 -9.460834E-001
      outer loop
         vertex -1.657068E+000 9.567086E-001 -4.619398E+000
         vertex -1.352990E+000 1.352990E+000 -4.619398E+000
         vertex -9.150635E-001 9.150635E-001 -4.829629E+000
      endloop
   endfacet
   facet normal -2.569856E-001 1.971920E-001 -9.460834E-001
      outer loop
         vertex -9.150635E-001 9.150635E-001 -4.829629E+000
         vertex -1.120719E+000 6.470476E-001 -4.829629E+000
         vertex -1.657068E+000 9.567086E-001 -4.619398E+000
      endloop
   endfacet
   facet normal -2.992660E-001 1.239601E-001 -9.460834E-001
      outer loop
         vertex -1.848219E+000 4.952288E-001 -4.619398E+000
         vertex -1.657068E+000 9.567086E-001 -4.619398E+000
         vertex -1.120719E+000 6.470476E-001 -4.829629E+000
      endloop
   endfacet
   facet normal -2.992660E-001 1.239601E-001 -9.460834E-001
      outer loop
         vertex -1.120719E+000 6.470476E-001 -4.829629E+000
         vertex -1.250000E+000 3.349365E-001 -4.829629E+000
         vertex -1.848219E+000 4.952288E-001 -4.619398E+000
      endloop
   endfacet
   facet normal -3.211520E-001 4.228047E-002 -9.460834E-001
      outer loop
         vertex -1.913417E+000 2.343183E-016 -4.619398E+000
         vertex -1.848219E+000 4.952288E-001 -4.619398E+000
         vertex -1.250000E+000 3.349365E-001 -4.829629E+000
      endloop
   endfacet
   facet normal -3.211520E-001 4.228047E-002 -9.460834E-001
      outer loop
         vertex -1.250000E+000 3.349365E-001 -4.829629E+000
         vertex -1.294095E+000 1.584757E-016 -4.829629E+000
         vertex -1.913417E+000 2.343183E-016 -4.619398E+000
      endloop
   endfacet
   facet normal -3.211520E-001 -4.228047E-002 -9.460834E-001
      outer loop
         vertex -1.848219E+000 -4.952288E-001 -4.619398E+000
         vertex -1.913417E+000 2.343183E-016 -4.619398E+000
         vertex -1.294095E+000 1.584757E-016 -4.829629E+000
      endloop
   endfacet
   facet normal -3.211520E-001 -4.228047E-002 -9.460834E-001
      outer loop
         vertex -1.294095E+000 1.584757E-016 -4.829629E+000
         vertex -1.250000E+000 -3.349365E-001 -4.829629E+000
         vertex -1.848219E+000 -4.952288E-001 -4.619398E+000
      endloop
   endfacet
   facet normal -2.992660E-001 -1.239601E-001 -9.460834E-001
      outer loop
         vertex -1.657068E+000 -9.567086E-001 -4.619398E+000
         vertex -1.848219E+000 -4.952288E-001 -4.619398E+000
         vertex -1.250000E+000 -3.349365E-001 -4.829629E+000
      endloop
   endfacet
   facet normal -2.992660E-001 -1.239601E-001 -9.460834E-001
      outer loop
         vertex -1.250000E+000 -3.349365E-001 -4.829629E+000
         vertex -1.120719E+000 -6.470476E-001 -4.829629E+000
         vertex -1.657068E+000 -9.567086E-001 -4.619398E+000
      endloop
   endfacet
   facet normal -2.569856E-001 -1.971920E-001 -9.460834E-001
      outer loop
         vertex -1.352990E+000 -1.352990E+000 -4.619398E+000
         vertex -1.657068E+000 -9.567086E-001 -4.619398E+000
         vertex -1.120719E+000 -6.470476E-001 -4.829629E+000
      endloop
   endfacet
   facet normal -2.569856E-001 -1.971920E-001 -9.460834E-001
      outer loop
         vertex -1.120719E+000 -6.470476E-001 -4.829629E+000
         vertex -9.150635E-001 -9.150635E-001 -4.829629E+000
         vertex -1.352990E+000 -1.352990E+000 -4.619398E+000
      endloop
   endfacet
   facet normal -1.971920E-001 -2.569856E-001 -9.460834E-001
      outer loop
         vertex -9.567086E-001 -1.657068E+000 -4.619398E+000
         vertex -1.352990E+000 -1.352990E+000 -4.619398E+000
         vertex -9.150635E-001 -9.150635E-001 -4.829629E+000
      endloop
   endfacet
   facet normal -1.971920E-001 -2.569856E-001 -9.460834E-001
      outer loop
         vertex -9.150635E-001 -9.150635E-001 -4.829629E+000
         vertex -6.470476E-001 -1.120719E+000 -4.829629E+000
         vertex -9.567086E-001 -1.657068E+000 -4.619398E+000
      endloop
   endfacet
   facet normal -1.239601E-001 -2.992660E-001 -9.460834E-001
      outer loop
         vertex -4.952288E-001 -1.848219E+000 -4.619398E+000
         vertex -9.567086E-001 -1.657068E+000 -4.619398E+000
         vertex -6.470476E-001 -1.120719E+000 -4.829629E+000
      endloop
   endfacet
   facet normal -1.239601E-001 -2.992660E-001 -9.460834E-001
      outer loop
         vertex -6.470476E-001 -1.120719E+000 -4.829629E+000
         vertex -3.349365E-001 -1.250000E+000 -4.829629E+000
         vertex -4.952288E-001 -1.848219E+000 -4.619398E+000
      endloop
   endfacet
   facet normal -4.228047E-002 -3.211520E-001 -9.460834E-001
      outer loop
         vertex -3.514774E-016 -1.913417E+000 -4.619398E+000
         vertex -4.952288E-001 -1.848219E+000 -4.619398E+000
         vertex -3.349365E-001 -1.250000E+000 -4.829629E+000
      endloop
   endfacet
   facet normal -4.228047E-002 -3.211520E-001 -9.460834E-001
      outer loop
         vertex -3.349365E-001 -1.250000E+000 -4.829629E+000
         vertex -2.377136E-016 -1.294095E+000 -4.829629E+000
         vertex -3.514774E-016 -1.913417E+000 -4.619398E+000
      endloop
   endfacet
   facet normal 4.228047E-002 -3.211520E-001 -9.460834E-001
      outer loop
         vertex 4.952288E-001 -1.848219E+000 -4.619398E+000
         vertex -3.514774E-016 -1.913417E+000 -4.619398E+000
         vertex -2.377136E-016 -1.294095E+000 -4.829629E+000
      endloop
   endfacet
   facet normal 4.228047E-002 -3.211520E-001 -9.460834E-001
      outer loop
         vertex -2.377136E-016 -1.294095E+000 -4.829629E+000
         vertex 3.349365E-001 -1.250000E+000 -4.829629E+000
         vertex 4.952288E-001 -1.848219E+000 -4.619398E+000
      endloop
   endfacet
   facet normal 1.239601E-001 -2.992660E-001 -9.460834E-001
      outer loop
         vertex 9.567086E-001 -1.657068E+000 -4.619398E+000
         vertex 4.952288E-001 -1.848219E+000 -4.619398E+000
         vertex 3.349365E-001 -1.250000E+000 -4.829629E+000
      endloop
   endfacet
   facet normal 1.239601E-001 -2.992660E-001 -9.460834E-001
      outer loop
         vertex 3.349365E-001 -1.250000E+000 -4.829629E+000
         vertex 6.470476E-001 -1.120719E+000 -4.829629E+000
         vertex 9.567086E-001 -1.657068E+000 -4.619398E+000
      endloop
   endfacet
   facet normal 1.971920E-001 -2.569856E-001 -9.460834E-001
      outer loop
         vertex 1.352990E+000 -1.352990E+000 -4.619398E+000
         vertex 9.567086E-001 -1.657068E+000 -4.619398E+000
         vertex 6.470476E-001 -1.120719E+000 -4.829629E+000
      endloop
   endfacet
   facet normal 1.971920E-001 -2.569856E-001 -9.460834E-001
      outer loop
         vertex 6.470476E-001 -1.120719E+000 -4.829629E+000
         vertex 9.150635E-001 -9.150635E-001 -4.829629E+000
         vertex 1.352990E+000 -1.352990E+000 -4.619398E+000
      endloop
   endfacet
   facet normal 2.569856E-001 -1.971920E-001 -9.460834E-001
      outer loop
         vertex 1.657068E+000 -9.567086E-001 -4.619398E+000
         vertex 1.352990E+000 -1.352990E+000 -4.619398E+000
         vertex 9.150635E-001 -9.150635E-001 -4.829629E+000
      endloop
   endfacet
   facet normal 2.569856E-001 -1.971920E-001 -9.460834E-001
      outer loop
         vertex 9.150635E-001 -9.150635E-001 -4.829629E+000
         vertex 1.120719E+000 -6.470476E-001 -4.829629E+000
         vertex 1.657068E+000 -9.567086E-001 -4.619398E+000
      endloop
   endfacet
   facet normal 2.992660E-001 -1.239601E-001 -9.460834E-001
      outer loop
         vertex 1.848219E+000 -4.952288E-001 -4.619398E+000
         vertex 1.657068E+000 -9.567086E-001 -4.619398E+000
         vertex 1.120719E+000 -6.470476E-001 -4.829629E+000
      endloop
   endfacet
   facet normal 2.992660E-001 -1.239601E-001 -9.460834E-001
      outer loop
         vertex 1.120719E+000 -6.470476E-001 -4.829629E+000
         vertex 1.250000E+000 -3.349365E-001 -4.829629E+000
         vertex 1.848219E+000 -4.952288E-001 -4.619398E+000
      endloop
   endfacet
   facet normal 3.211520E-001 -4.228047E-002 -9.460834E-001
      outer loop
         vertex 1.913417E+000 -4.686365E-016 -4.619398E+000
         vertex 1.848219E+000 -4.952288E-001 -4.619398E+000
         vertex 1.250000E+000 -3.349365E-001 -4.829629E+000
      endloop
   endfacet
   facet normal 3.211520E-001 -4.228047E-002 -9.460834E-001
      outer loop
         vertex 1.250000E+000 -3.349365E-001 -4.829629E+000
         vertex 1.294095E+000 -3.169514E-016 -4.829629E+000
         vertex 1.913417E+000 -4.686365E-016 -4.619398E+000
      endloop
   endfacet
   facet normal 4.415408E-001 5.812995E-002 -8.953562E-001
      outer loop
         vertex 2.414814E+000 6.470476E-001 -4.330127E+000
         vertex 2.500000E+000 0.000000E+000 -4.330127E+000
         vertex 1.913417E+000 0.000000E+000 -4.619398E+000
      endloop
   endfacet
   facet normal 4.415408E-001 5.812995E-002 -8.953562E-001
      outer loop
         vertex 1.913417E+000 0.000000E+000 -4.619398E+000
         vertex 1.848219E+000 4.952288E-001 -4.619398E+000
         vertex 2.414814E+000 6.470476E-001 -4.330127E+000
      endloop
   endfacet
   facet normal 4.114505E-001 1.704284E-001 -8.953562E-001
      outer loop
         vertex 2.165064E+000 1.250000E+000 -4.330127E+000
         vertex 2.414814E+000 6.470476E-001 -4.330127E+000
         vertex 1.848219E+000 4.952288E-001 -4.619398E+000
      endloop
   endfacet
   facet normal 4.114505E-001 1.704284E-001 -8.953562E-001
      outer loop
         vertex 1.848219E+000 4.952288E-001 -4.619398E+000
         vertex 1.657068E+000 9.567086E-001 -4.619398E+000
         vertex 2.165064E+000 1.250000E+000 -4.330127E+000
      endloop
   endfacet
   facet normal 3.533206E-001 2.711124E-001 -8.953562E-001
      outer loop
         vertex 1.767767E+000 1.767767E+000 -4.330127E+000
         vertex 2.165064E+000 1.250000E+000 -4.330127E+000
         vertex 1.657068E+000 9.567086E-001 -4.619398E+000
      endloop
   endfacet
   facet normal 3.533206E-001 2.711124E-001 -8.953562E-001
      outer loop
         vertex 1.657068E+000 9.567086E-001 -4.619398E+000
         vertex 1.352990E+000 1.352990E+000 -4.619398E+000
         vertex 1.767767E+000 1.767767E+000 -4.330127E+000
      endloop
   endfacet
   facet normal 2.711124E-001 3.533206E-001 -8.953562E-001
      outer loop
         vertex 1.250000E+000 2.165064E+000 -4.330127E+000
         vertex 1.767767E+000 1.767767E+000 -4.330127E+000
         vertex 1.352990E+000 1.352990E+000 -4.619398E+000
      endloop
   endfacet
   facet normal 2.711124E-001 3.533206E-001 -8.953562E-001
      outer loop
         vertex 1.352990E+000 1.352990E+000 -4.619398E+000
         vertex 9.567086E-001 1.657068E+000 -4.619398E+000
         vertex 1.250000E+000 2.165064E+000 -4.330127E+000
      endloop
   endfacet
   facet normal 1.704284E-001 4.114505E-001 -8.953562E-001
      outer loop
         vertex 6.470476E-001 2.414814E+000 -4.330127E+000
         vertex 1.250000E+000 2.165064E+000 -4.330127E+000
         vertex 9.567086E-001 1.657068E+000 -4.619398E+000
      endloop
   endfacet
   facet normal 1.704284E-001 4.114505E-001 -8.953562E-001
      outer loop
         vertex 9.567086E-001 1.657068E+000 -4.619398E+000
         vertex 4.952288E-001 1.848219E+000 -4.619398E+000
         vertex 6.470476E-001 2.414814E+000 -4.330127E+000
      endloop
   endfacet
   facet normal 5.812995E-002 4.415408E-001 -8.953562E-001
      outer loop
         vertex 1.530758E-016 2.500000E+000 -4.330127E+000
         vertex 6.470476E-001 2.414814E+000 -4.330127E+000
         vertex 4.952288E-001 1.848219E+000 -4.619398E+000
      endloop
   endfacet
   facet normal 5.812995E-002 4.415408E-001 -8.953562E-001
      outer loop
         vertex 4.952288E-001 1.848219E+000 -4.619398E+000
         vertex 1.171591E-016 1.913417E+000 -4.619398E+000
         vertex 1.530758E-016 2.500000E+000 -4.330127E+000
      endloop
   endfacet
   facet normal -5.812995E-002 4.415408E-001 -8.953562E-001
      outer loop
         vertex -6.470476E-001 2.414814E+000 -4.330127E+000
         vertex 1.530758E-016 2.500000E+000 -4.330127E+000
         vertex 1.171591E-016 1.913417E+000 -4.619398E+000
      endloop
   endfacet
   facet normal -5.812995E-002 4.415408E-001 -8.953562E-001
      outer loop
         vertex 1.171591E-016 1.913417E+000 -4.619398E+000
         vertex -4.952288E-001 1.848219E+000 -4.619398E+000
         vertex -6.470476E-001 2.414814E+000 -4.330127E+000
      endloop
   endfacet
   facet normal -1.704284E-001 4.114505E-001 -8.953562E-001
      outer loop
         vertex -1.250000E+000 2.165064E+000 -4.330127E+000
         vertex -6.470476E-001 2.414814E+000 -4.330127E+000
         vertex -4.952288E-001 1.848219E+000 -4.619398E+000
      endloop
   endfacet
   facet normal -1.704284E-001 4.114505E-001 -8.953562E-001
      outer loop
         vertex -4.952288E-001 1.848219E+000 -4.619398E+000
         vertex -9.567086E-001 1.657068E+000 -4.619398E+000
         vertex -1.250000E+000 2.165064E+000 -4.330127E+000
      endloop
   endfacet
   facet normal -2.711124E-001 3.533206E-001 -8.953562E-001
      outer loop
         vertex -1.767767E+000 1.767767E+000 -4.330127E+000
         vertex -1.250000E+000 2.165064E+000 -4.330127E+000
         vertex -9.567086E-001 1.657068E+000 -4.619398E+000
      endloop
   endfacet
   facet normal -2.711124E-001 3.533206E-001 -8.953562E-001
      outer loop
         vertex -9.567086E-001 1.657068E+000 -4.619398E+000
         vertex -1.352990E+000 1.352990E+000 -4.619398E+000
         vertex -1.767767E+000 1.767767E+000 -4.330127E+000
      endloop
   endfacet
   facet normal -3.533206E-001 2.711124E-001 -8.953562E-001
      outer loop
         vertex -2.165064E+000 1.250000E+000 -4.330127E+000
         vertex -1.767767E+000 1.767767E+000 -4.330127E+000
         vertex -1.352990E+000 1.352990E+000 -4.619398E+000
      endloop
   endfacet
   facet normal -3.533206E-001 2.711124E-001 -8.953562E-001
      outer loop
         vertex -1.352990E+000 1.352990E+000 -4.619398E+000
         vertex -1.657068E+000 9.567086E-001 -4.619398E+000
         vertex -2.165064E+000 1.250000E+000 -4.330127E+000
      endloop
   endfacet
   facet normal -4.114505E-001 1.704284E-001 -8.953562E-001
      outer loop
         vertex -2.414814E+000 6.470476E-001 -4.330127E+000
         vertex -2.165064E+000 1.250000E+000 -4.330127E+000
         vertex -1.657068E+000 9.567086E-001 -4.619398E+000
      endloop
   endfacet
   facet normal -4.114505E-001 1.704284E-001 -8.953562E-001
      outer loop
         vertex -1.657068E+000 9.567086E-001 -4.619398E+000
         vertex -1.848219E+000 4.952288E-001 -4.619398E+000
         vertex -2.414814E+000 6.470476E-001 -4.330127E+000
      endloop
   endfacet
   facet normal -4.415408E-001 5.812995E-002 -8.953562E-001
      outer loop
         vertex -2.500000E+000 3.061516E-016 -4.330127E+000
         vertex -2.414814E+000 6.470476E-001 -4.330127E+000
         vertex -1.848219E+000 4.952288E-001 -4.619398E+000
      endloop
   endfacet
   facet normal -4.415408E-001 5.812995E-002 -8.953562E-001
      outer loop
         vertex -1.848219E+000 4.952288E-001 -4.619398E+000
         vertex -1.913417E+000 2.343183E-016 -4.619398E+000
         vertex -2.500000E+000 3.061516E-016 -4.330127E+000
      endloop
   endfacet
   facet normal -4.415408E-001 -5.812995E-002 -8.953562E-001
      outer loop
         vertex -2.414814E+000 -6.470476E-001 -4.330127E+000
         vertex -2.500000E+000 3.061516E-016 -4.330127E+000
         vertex -1.913417E+000 2.343183E-016 -4.619398E+000
      endloop
   endfacet
   facet normal -4.415408E-001 -5.812995E-002 -8.953562E-001
      outer loop
         vertex -1.913417E+000 2.343183E-016 -4.619398E+000
         vertex -1.848219E+000 -4.952288E-001 -4.619398E+000
         vertex -2.414814E+000 -6.470476E-001 -4.330127E+000
      endloop
   endfacet
   facet normal -4.114505E-001 -1.704284E-001 -8.953562E-001
      outer loop
         vertex -2.165064E+000 -1.250000E+000 -4.330127E+000
         vertex -2.414814E+000 -6.470476E-001 -4.330127E+000
         vertex -1.848219E+000 -4.952288E-001 -4.619398E+000
      endloop
   endfacet
   facet normal -4.114505E-001 -1.704284E-001 -8.953562E-001
      outer loop
         vertex -1.848219E+000 -4.952288E-001 -4.619398E+000
         vertex -1.657068E+000 -9.567086E-001 -4.619398E+000
         vertex -2.165064E+000 -1.250000E+000 -4.330127E+000
      endloop
   endfacet
   facet normal -3.533206E-001 -2.711124E-001 -8.953562E-001
      outer loop
         vertex -1.767767E+000 -1.767767E+000 -4.330127E+000
         vertex -2.165064E+000 -1.250000E+000 -4.330127E+000
         vertex -1.657068E+000 -9.567086E-001 -4.619398E+000
      endloop
   endfacet
   facet normal -3.533206E-001 -2.711124E-001 -8.953562E-001
      outer loop
         vertex -1.657068E+000 -9.567086E-001 -4.619398E+000
         vertex -1.352990E+000 -1.352990E+000 -4.619398E+000
         vertex -1.767767E+000 -1.767767E+000 -4.330127E+000
      endloop
   endfacet
   facet normal -2.711124E-001 -3.533206E-001 -8.953562E-001
      outer loop
         vertex -1.250000E+000 -2.165064E+000 -4.330127E+000
         vertex -1.767767E+000 -1.767767E+000 -4.330127E+000
         vertex -1.352990E+000 -1.352990E+000 -4.619398E+000
      endloop
   endfacet
   facet normal -2.711124E-001 -3.533206E-001 -8.953562E-001
      outer loop
         vertex -1.352990E+000 -1.352990E+000 -4.619398E+000
         vertex -9.567086E-001 -1.657068E+000 -4.619398E+000
         vertex -1.250000E+000 -2.165064E+000 -4.330127E+000
      endloop
   endfacet
   facet normal -1.704284E-001 -4.114505E-001 -8.953562E-001
      outer loop
         vertex -6.470476E-001 -2.414814E+000 -4.330127E+000
         vertex -1.250000E+000 -2.165064E+000 -4.330127E+000
         vertex -9.567086E-001 -1.657068E+000 -4.619398E+000
      endloop
   endfacet
   facet normal -1.704284E-001 -4.114505E-001 -8.953562E-001
      outer loop
         vertex -9.567086E-001 -1.657068E+000 -4.619398E+000
         vertex -4.952288E-001 -1.848219E+000 -4.619398E+000
         vertex -6.470476E-001 -2.414814E+000 -4.330127E+000
      endloop
   endfacet
   facet normal -5.812995E-002 -4.415408E-001 -8.953562E-001
      outer loop
         vertex -4.592274E-016 -2.500000E+000 -4.330127E+000
         vertex -6.470476E-001 -2.414814E+000 -4.330127E+000
         vertex -4.952288E-001 -1.848219E+000 -4.619398E+000
      endloop
   endfacet
   facet normal -5.812995E-002 -4.415408E-001 -8.953562E-001
      outer loop
         vertex -4.952288E-001 -1.848219E+000 -4.619398E+000
         vertex -3.514774E-016 -1.913417E+000 -4.619398E+000
         vertex -4.592274E-016 -2.500000E+000 -4.330127E+000
      endloop
   endfacet
   facet normal 5.812995E-002 -4.415408E-001 -8.953562E-001
      outer loop
         vertex 6.470476E-001 -2.414814E+000 -4.330127E+000
         vertex -4.592274E-016 -2.500000E+000 -4.330127E+000
         vertex -3.514774E-016 -1.913417E+000 -4.619398E+000
      endloop
   endfacet
   facet normal 5.812995E-002 -4.415408E-001 -8.953562E-001
      outer loop
         vertex -3.514774E-016 -1.913417E+000 -4.619398E+000
         vertex 4.952288E-001 -1.848219E+000 -4.619398E+000
         vertex 6.470476E-001 -2.414814E+000 -4.330127E+000
      endloop
   endfacet
   facet normal 1.704284E-001 -4.114505E-001 -8.953562E-001
      outer loop
         vertex 1.250000E+000 -2.165064E+000 -4.330127E+000
         vertex 6.470476E-001 -2.414814E+000 -4.330127E+000
         vertex 4.952288E-001 -1.848219E+000 -4.619398E+000
      endloop
   endfacet
   facet normal 1.704284E-001 -4.114505E-001 -8.953562E-001
      outer loop
         vertex 4.952288E-001 -1.848219E+000 -4.619398E+000
         vertex 9.567086E-001 -1.657068E+000 -4.619398E+000
         vertex 1.250000E+000 -2.165064E+000 -4.330127E+000
      endloop
   endfacet
   facet normal 2.711124E-001 -3.533206E-001 -8.953562E-001
      outer loop
         vertex 1.767767E+000 -1.767767E+000 -4.330127E+000
         vertex 1.250000E+000 -2.165064E+000 -4.330127E+000
         vertex 9.567086E-001 -1.657068E+000 -4.619398E+000
      endloop
   endfacet
   facet normal 2.711124E-001 -3.533206E-001 -8.953562E-001
      outer loop
         vertex 9.567086E-001 -1.657068E+000 -4.619398E+000
         vertex 1.352990E+000 -1.352990E+000 -4.619398E+000
         vertex 1.767767E+000 -1.767767E+000 -4.330127E+000
      endloop
   endfacet
   facet normal 3.533206E-001 -2.711124E-001 -8.953562E-001
      outer loop
         vertex 2.165064E+000 -1.250000E+000 -4.330127E+000
         vertex 1.767767E+000 -1.767767E+000 -4.330127E+000
         vertex 1.352990E+000 -1.352990E+000 -4.619398E+000
      endloop
   endfacet
   facet normal 3.533206E-001 -2.711124E-001 -8.953562E-001
      outer loop
         vertex 1.352990E+000 -1.352990E+000 -4.619398E+000
         vertex 1.657068E+000 -9.567086E-001 -4.619398E+000
         vertex 2.165064E+000 -1.250000E+000 -4.330127E+000
      endloop
   endfacet
   facet normal 4.114505E-001 -1.704284E-001 -8.953562E-001
      outer loop
         vertex 2.414814E+000 -6.470476E-001 -4.330127E+000
         vertex 2.165064E+000 -1.250000E+000 -4.330127E+000
         vertex 1.657068E+000 -9.567086E-001 -4.619398E+000
      endloop
   endfacet
   facet normal 4.114505E-001 -1.704284E-001 -8.953562E-001
      outer loop
         vertex 1.657068E+000 -9.567086E-001 -4.619398E+000
         vertex 1.848219E+000 -4.952288E-001 -4.619398E+000
         vertex 2.414814E+000 -6.470476E-001 -4.330127E+000
      endloop
   endfacet
   facet normal 4.415408E-001 -5.812995E-002 -8.953562E-001
      outer loop
         vertex 2.500000E+000 -6.123032E-016 -4.330127E+000
         vertex 2.414814E+000 -6.470476E-001 -4.330127E+000
         vertex 1.848219E+000 -4.952288E-001 -4.619398E+000
      endloop
   endfacet
   facet normal 4.415408E-001 -5.812995E-002 -8.953562E-001
      outer loop
         vertex 1.848219E+000 -4.952288E-001 -4.619398E+000
         vertex 1.913417E+000 -4.686365E-016 -4.619398E+000
         vertex 2.500000E+000 -6.123032E-016 -4.330127E+000
      endloop
   endfacet
   facet normal 5.540901E-001 7.294735E-002 -8.292544E-001
      outer loop
         vertex 2.940092E+000 7.877952E-001 -3.966767E+000
         vertex 3.043807E+000 0.000000E+000 -3.966767E+000
         vertex 2.500000E+000 0.000000E+000 -4.330127E+000
      endloop
   endfacet
   facet normal 5.540901E-001 7.294735E-002 -8.292544E-001
      outer loop
         vertex 2.500000E+000 0.000000E+000 -4.330127E+000
         vertex 2.414814E+000 6.470476E-001 -4.330127E+000
         vertex 2.940092E+000 7.877952E-001 -3.966767E+000
      endloop
   endfacet
   facet normal 5.163298E-001 2.138708E-001 -8.292544E-001
      outer loop
         vertex 2.636014E+000 1.521904E+000 -3.966767E+000
         vertex 2.940092E+000 7.877952E-001 -3.966767E+000
         vertex 2.414814E+000 6.470476E-001 -4.330127E+000
      endloop
   endfacet
   facet normal 5.163298E-001 2.138708E-001 -8.292544E-001
      outer loop
         vertex 2.414814E+000 6.470476E-001 -4.330127E+000
         vertex 2.165064E+000 1.250000E+000 -4.330127E+000
         vertex 2.636014E+000 1.521904E+000 -3.966767E+000
      endloop
   endfacet
   facet normal 4.433824E-001 3.402193E-001 -8.292544E-001
      outer loop
         vertex 2.152297E+000 2.152297E+000 -3.966767E+000
         vertex 2.636014E+000 1.521904E+000 -3.966767E+000
         vertex 2.165064E+000 1.250000E+000 -4.330127E+000
      endloop
   endfacet
   facet normal 4.433824E-001 3.402193E-001 -8.292544E-001
      outer loop
         vertex 2.165064E+000 1.250000E+000 -4.330127E+000
         vertex 1.767767E+000 1.767767E+000 -4.330127E+000
         vertex 2.152297E+000 2.152297E+000 -3.966767E+000
      endloop
   endfacet
   facet normal 3.402193E-001 4.433824E-001 -8.292544E-001
      outer loop
         vertex 1.521904E+000 2.636014E+000 -3.966767E+000
         vertex 2.152297E+000 2.152297E+000 -3.966767E+000
         vertex 1.767767E+000 1.767767E+000 -4.330127E+000
      endloop
   endfacet
   facet normal 3.402193E-001 4.433824E-001 -8.292544E-001
      outer loop
         vertex 1.767767E+000 1.767767E+000 -4.330127E+000
         vertex 1.250000E+000 2.165064E+000 -4.330127E+000
         vertex 1.521904E+000 2.636014E+000 -3.966767E+000
      endloop
   endfacet
   facet normal 2.138708E-001 5.163298E-001 -8.292544E-001
      outer loop
         vertex 7.877952E-001 2.940092E+000 -3.966767E+000
         vertex 1.521904E+000 2.636014E+000 -3.966767E+000
         vertex 1.250000E+000 2.165064E+000 -4.330127E+000
      endloop
   endfacet
   facet normal 2.138708E-001 5.163298E-001 -8.292544E-001
      outer loop
         vertex 1.250000E+000 2.165064E+000 -4.330127E+000
         vertex 6.470476E-001 2.414814E+000 -4.330127E+000
         vertex 7.877952E-001 2.940092E+000 -3.966767E+000
      endloop
   endfacet
   facet normal 7.294735E-002 5.540901E-001 -8.292544E-001
      outer loop
         vertex 1.863733E-016 3.043807E+000 -3.966767E+000
         vertex 7.877952E-001 2.940092E+000 -3.966767E+000
         vertex 6.470476E-001 2.414814E+000 -4.330127E+000
      endloop
   endfacet
   facet normal 7.294735E-002 5.540901E-001 -8.292544E-001
      outer loop
         vertex 6.470476E-001 2.414814E+000 -4.330127E+000
         vertex 1.530758E-016 2.500000E+000 -4.330127E+000
         vertex 1.863733E-016 3.043807E+000 -3.966767E+000
      endloop
   endfacet
   facet normal -7.294735E-002 5.540901E-001 -8.292544E-001
      outer loop
         vertex -7.877952E-001 2.940092E+000 -3.966767E+000
         vertex 1.863733E-016 3.043807E+000 -3.966767E+000
         vertex 1.530758E-016 2.500000E+000 -4.330127E+000
      endloop
   endfacet
   facet normal -7.294735E-002 5.540901E-001 -8.292544E-001
      outer loop
         vertex 1.530758E-016 2.500000E+000 -4.330127E+000
         vertex -6.470476E-001 2.414814E+000 -4.330127E+000
         vertex -7.877952E-001 2.940092E+000 -3.966767E+000
      endloop
   endfacet
   facet normal -2.138708E-001 5.163298E-001 -8.292544E-001
      outer loop
         vertex -1.521904E+000 2.636014E+000 -3.966767E+000
         vertex -7.877952E-001 2.940092E+000 -3.966767E+000
         vertex -6.470476E-001 2.414814E+000 -4.330127E+000
      endloop
   endfacet
   facet normal -2.138708E-001 5.163298E-001 -8.292544E-001
      outer loop
         vertex -6.470476E-001 2.414814E+000 -4.330127E+000
         vertex -1.250000E+000 2.165064E+000 -4.330127E+000
         vertex -1.521904E+000 2.636014E+000 -3.966767E+000
      endloop
   endfacet
   facet normal -3.402193E-001 4.433824E-001 -8.292544E-001
      outer loop
         vertex -2.152297E+000 2.152297E+000 -3.966767E+000
         vertex -1.521904E+000 2.636014E+000 -3.966767E+000
         vertex -1.250000E+000 2.165064E+000 -4.330127E+000
      endloop
   endfacet
   facet normal -3.402193E-001 4.433824E-001 -8.292544E-001
      outer loop
         vertex -1.250000E+000 2.165064E+000 -4.330127E+000
         vertex -1.767767E+000 1.767767E+000 -4.330127E+000
         vertex -2.152297E+000 2.152297E+000 -3.966767E+000
      endloop
   endfacet
   facet normal -4.433824E-001 3.402193E-001 -8.292544E-001
      outer loop
         vertex -2.636014E+000 1.521904E+000 -3.966767E+000
         vertex -2.152297E+000 2.152297E+000 -3.966767E+000
         vertex -1.767767E+000 1.767767E+000 -4.330127E+000
      endloop
   endfacet
   facet normal -4.433824E-001 3.402193E-001 -8.292544E-001
      outer loop
         vertex -1.767767E+000 1.767767E+000 -4.330127E+000
         vertex -2.165064E+000 1.250000E+000 -4.330127E+000
         vertex -2.636014E+000 1.521904E+000 -3.966767E+000
      endloop
   endfacet
   facet normal -5.163298E-001 2.138708E-001 -8.292544E-001
      outer loop
         vertex -2.940092E+000 7.877952E-001 -3.966767E+000
         vertex -2.636014E+000 1.521904E+000 -3.966767E+000
         vertex -2.165064E+000 1.250000E+000 -4.330127E+000
      endloop
   endfacet
   facet normal -5.163298E-001 2.138708E-001 -8.292544E-001
      outer loop
         vertex -2.165064E+000 1.250000E+000 -4.330127E+000
         vertex -2.414814E+000 6.470476E-001 -4.330127E+000
         vertex -2.940092E+000 7.877952E-001 -3.966767E+000
      endloop
   endfacet
   facet normal -5.540901E-001 7.294735E-002 -8.292544E-001
      outer loop
         vertex -3.043807E+000 3.727466E-016 -3.966767E+000
         vertex -2.940092E+000 7.877952E-001 -3.966767E+000
         vertex -2.414814E+000 6.470476E-001 -4.330127E+000
      endloop
   endfacet
   facet normal -5.540901E-001 7.294735E-002 -8.292544E-001
      outer loop
         vertex -2.414814E+000 6.470476E-001 -4.330127E+000
         vertex -2.500000E+000 3.061516E-016 -4.330127E+000
         vertex -3.043807E+000 3.727466E-016 -3.966767E+000
      endloop
   endfacet
   facet normal -5.540901E-001 -7.294735E-002 -8.292544E-001
      outer loop
         vertex -2.940092E+000 -7.877952E-001 -3.966767E+000
         vertex -3.043807E+000 3.727466E-016 -3.966767E+000
         vertex -2.500000E+000 3.061516E-016 -4.330127E+000
      endloop
   endfacet
   facet normal -5.540901E-001 -7.294735E-002 -8.292544E-001
      outer loop
         vertex -2.500000E+000 3.061516E-016 -4.330127E+000
         vertex -2.414814E+000 -6.470476E-001 -4.330127E+000
         vertex -2.940092E+000 -7.877952E-001 -3.966767E+000
      endloop
   endfacet
   facet normal -5.163298E-001 -2.138708E-001 -8.292544E-001
      outer loop
         vertex -2.636014E+000 -1.521904E+000 -3.966767E+000
         vertex -2.940092E+000 -7.877952E-001 -3.966767E+000
         vertex -2.414814E+000 -6.470476E-001 -4.330127E+000
      endloop
   endfacet
   facet normal -5.163298E-001 -2.138708E-001 -8.292544E-001
      outer loop
         vertex -2.414814E+000 -6.470476E-001 -4.330127E+000
         vertex -2.165064E+000 -1.250000E+000 -4.330127E+000
         vertex -2.636014E+000 -1.521904E+000 -3.966767E+000
      endloop
   endfacet
   facet normal -4.433824E-001 -3.402193E-001 -8.292544E-001
      outer loop
         vertex -2.152297E+000 -2.152297E+000 -3.966767E+000
         vertex -2.636014E+000 -1.521904E+000 -3.966767E+000
         vertex -2.165064E+000 -1.250000E+000 -4.330127E+000
      endloop
   endfacet
   facet normal -4.433824E-001 -3.402193E-001 -8.292544E-001
      outer loop
         vertex -2.165064E+000 -1.250000E+000 -4.330127E+000
         vertex -1.767767E+000 -1.767767E+000 -4.330127E+000
         vertex -2.152297E+000 -2.152297E+000 -3.966767E+000
      endloop
   endfacet
   facet normal -3.402193E-001 -4.433824E-001 -8.292544E-001
      outer loop
         vertex -1.521904E+000 -2.636014E+000 -3.966767E+000
         vertex -2.152297E+000 -2.152297E+000 -3.966767E+000
         vertex -1.767767E+000 -1.767767E+000 -4.330127E+000
      endloop
   endfacet
   facet normal -3.402193E-001 -4.433824E-001 -8.292544E-001
      outer loop
         vertex -1.767767E+000 -1.767767E+000 -4.330127E+000
         vertex -1.250000E+000 -2.165064E+000 -4.330127E+000
         vertex -1.521904E+000 -2.636014E+000 -3.966767E+000
      endloop
   endfacet
   facet normal -2.138708E-001 -5.163298E-001 -8.292544E-001
      outer loop
         vertex -7.877952E-001 -2.940092E+000 -3.966767E+000
         vertex -1.521904E+000 -2.636014E+000 -3.966767E+000
         vertex -1.250000E+000 -2.165064E+000 -4.330127E+000
      endloop
   endfacet
   facet normal -2.138708E-001 -5.163298E-001 -8.292544E-001
      outer loop
         vertex -1.250000E+000 -2.165064E+000 -4.330127E+000
         vertex -6.470476E-001 -2.414814E+000 -4.330127E+000
         vertex -7.877952E-001 -2.940092E+000 -3.966767E+000
      endloop
   endfacet
   facet normal -7.294735E-002 -5.540901E-001 -8.292544E-001
      outer loop
         vertex -5.591198E-016 -3.043807E+000 -3.966767E+000
         vertex -7.877952E-001 -2.940092E+000 -3.966767E+000
         vertex -6.470476E-001 -2.414814E+000 -4.330127E+000
      endloop
   endfacet
   facet normal -7.294735E-002 -5.540901E-001 -8.292544E-001
      outer loop
         vertex -6.470476E-001 -2.414814E+000 -4.330127E+000
         vertex -4.592274E-016 -2.500000E+000 -4.330127E+000
         vertex -5.591198E-016 -3.043807E+000 -3.966767E+000
      endloop
   endfacet
   facet normal 7.294735E-002 -5.540901E-001 -8.292544E-001
      outer loop
         vertex 7.877952E-001 -2.940092E+000 -3.966767E+000
         vertex -5.591198E-016 -3.043807E+000 -3.966767E+000
         vertex -4.592274E-016 -2.500000E+000 -4.330127E+000
      endloop
   endfacet
   facet normal 7.294735E-002 -5.540901E-001 -8.292544E-001
      outer loop
         vertex -4.592274E-016 -2.500000E+000 -4.330127E+000
         vertex 6.470476E-001 -2.414814E+000 -4.330127E+000
         vertex 7.877952E-001 -2.940092E+000 -3.966767E+000
      endloop
   endfacet
   facet normal 2.138708E-001 -5.163298E-001 -8.292544E-001
      outer loop
         vertex 1.521904E+000 -2.636014E+000 -3.966767E+000
         vertex 7.877952E-001 -2.940092E+000 -3.966767E+000
         vertex 6.470476E-001 -2.414814E+000 -4.330127E+000
      endloop
   endfacet
   facet normal 2.138708E-001 -5.163298E-001 -8.292544E-001
      outer loop
         vertex 6.470476E-001 -2.414814E+000 -4.330127E+000
         vertex 1.250000E+000 -2.165064E+000 -4.330127E+000
         vertex 1.521904E+000 -2.636014E+000 -3.966767E+000
      endloop
   endfacet
   facet normal 3.402193E-001 -4.433824E-001 -8.292544E-001
      outer loop
         vertex 2.152297E+000 -2.152297E+000 -3.966767E+000
         vertex 1.521904E+000 -2.636014E+000 -3.966767E+000
         vertex 1.250000E+000 -2.165064E+000 -4.330127E+000
      endloop
   endfacet
   facet normal 3.402193E-001 -4.433824E-001 -8.292544E-001
      outer loop
         vertex 1.250000E+000 -2.165064E+000 -4.330127E+000
         vertex 1.767767E+000 -1.767767E+000 -4.330127E+000
         vertex 2.152297E+000 -2.152297E+000 -3.966767E+000
      endloop
   endfacet
   facet normal 4.433824E-001 -3.402193E-001 -8.292544E-001
      outer loop
         vertex 2.636014E+000 -1.521904E+000 -3.966767E+000
         vertex 2.152297E+000 -2.152297E+000 -3.966767E+000
         vertex 1.767767E+000 -1.767767E+000 -4.330127E+000
      endloop
   endfacet
   facet normal 4.433824E-001 -3.402193E-001 -8.292544E-001
      outer loop
         vertex 1.767767E+000 -1.767767E+000 -4.330127E+000
         vertex 2.165064E+000 -1.250000E+000 -4.330127E+000
         vertex 2.636014E+000 -1.521904E+000 -3.966767E+000
      endloop
   endfacet
   facet normal 5.163298E-001 -2.138708E-001 -8.292544E-001
      outer loop
         vertex 2.940092E+000 -7.877952E-001 -3.966767E+000
         vertex 2.636014E+000 -1.521904E+000 -3.966767E+000
         vertex 2.165064E+000 -1.250000E+000 -4.330127E+000
      endloop
   endfacet
   facet normal 5.163298E-001 -2.138708E-001 -8.292544E-001
      outer loop
         vertex 2.165064E+000 -1.250000E+000 -4.330127E+000
         vertex 2.414814E+000 -6.470476E-001 -4.330127E+000
         vertex 2.940092E+000 -7.877952E-001 -3.966767E+000
      endloop
   endfacet
   facet normal 5.540901E-001 -7.294735E-002 -8.292544E-001
      outer loop
         vertex 3.043807E+000 -7.454931E-016 -3.966767E+000
         vertex 2.940092E+000 -7.877952E-001 -3.966767E+000
         vertex 2.414814E+000 -6.470476E-001 -4.330127E+000
      endloop
   endfacet
   facet normal 5.540901E-001 -7.294735E-002 -8.292544E-001
      outer loop
         vertex 2.414814E+000 -6.470476E-001 -4.330127E+000
         vertex 2.500000E+000 -6.123032E-016 -4.330127E+000
         vertex 3.043807E+000 -7.454931E-016 -3.966767E+000
      endloop
   endfacet
   facet normal 6.568757E-001 8.647932E-002 -7.490231E-001
      outer loop
         vertex 3.415064E+000 9.150635E-001 -3.535534E+000
         vertex 3.535534E+000 0.000000E+000 -3.535534E+000
         vertex 3.043807E+000 0.000000E+000 -3.966767E+000
      endloop
   endfacet
   facet normal 6.568757E-001 8.647932E-002 -7.490231E-001
      outer loop
         vertex 3.043807E+000 0.000000E+000 -3.966767E+000
         vertex 2.940092E+000 7.877952E-001 -3.966767E+000
         vertex 3.415064E+000 9.150635E-001 -3.535534E+000
      endloop
   endfacet
   facet normal 6.121107E-001 2.535445E-001 -7.490231E-001
      outer loop
         vertex 3.061862E+000 1.767767E+000 -3.535534E+000
         vertex 3.415064E+000 9.150635E-001 -3.535534E+000
         vertex 2.940092E+000 7.877952E-001 -3.966767E+000
      endloop
   endfacet
   facet normal 6.121107E-001 2.535445E-001 -7.490231E-001
      outer loop
         vertex 2.940092E+000 7.877952E-001 -3.966767E+000
         vertex 2.636014E+000 1.521904E+000 -3.966767E+000
         vertex 3.061862E+000 1.767767E+000 -3.535534E+000
      endloop
   endfacet
   facet normal 5.256314E-001 4.033311E-001 -7.490231E-001
      outer loop
         vertex 2.500000E+000 2.500000E+000 -3.535534E+000
         vertex 3.061862E+000 1.767767E+000 -3.535534E+000
         vertex 2.636014E+000 1.521904E+000 -3.966767E+000
      endloop
   endfacet
   facet normal 5.256314E-001 4.033311E-001 -7.490231E-001
      outer loop
         vertex 2.636014E+000 1.521904E+000 -3.966767E+000
         vertex 2.152297E+000 2.152297E+000 -3.966767E+000
         vertex 2.500000E+000 2.500000E+000 -3.535534E+000
      endloop
   endfacet
   facet normal 4.033311E-001 5.256314E-001 -7.490231E-001
      outer loop
         vertex 1.767767E+000 3.061862E+000 -3.535534E+000
         vertex 2.500000E+000 2.500000E+000 -3.535534E+000
         vertex 2.152297E+000 2.152297E+000 -3.966767E+000
      endloop
   endfacet
   facet normal 4.033311E-001 5.256314E-001 -7.490231E-001
      outer loop
         vertex 2.152297E+000 2.152297E+000 -3.966767E+000
         vertex 1.521904E+000 2.636014E+000 -3.966767E+000
         vertex 1.767767E+000 3.061862E+000 -3.535534E+000
      endloop
   endfacet
   facet normal 2.535445E-001 6.121107E-001 -7.490231E-001
      outer loop
         vertex 9.150635E-001 3.415064E+000 -3.535534E+000
         vertex 1.767767E+000 3.061862E+000 -3.535534E+000
         vertex 1.521904E+000 2.636014E+000 -3.966767E+000
      endloop
   endfacet
   facet normal 2.535445E-001 6.121107E-001 -7.490231E-001
      outer loop
         vertex 1.521904E+000 2.636014E+000 -3.966767E+000
         vertex 7.877952E-001 2.940092E+000 -3.966767E+000
         vertex 9.150635E-001 3.415064E+000 -3.535534E+000
      endloop
   endfacet
   facet normal 8.647932E-002 6.568757E-001 -7.490231E-001
      outer loop
         vertex 2.164819E-016 3.535534E+000 -3.535534E+000
         vertex 9.150635E-001 3.415064E+000 -3.535534E+000
         vertex 7.877952E-001 2.940092E+000 -3.966767E+000
      endloop
   endfacet
   facet normal 8.647932E-002 6.568757E-001 -7.490231E-001
      outer loop
         vertex 7.877952E-001 2.940092E+000 -3.966767E+000
         vertex 1.863733E-016 3.043807E+000 -3.966767E+000
         vertex 2.164819E-016 3.535534E+000 -3.535534E+000
      endloop
   endfacet
   facet normal -8.647932E-002 6.568757E-001 -7.490231E-001
      outer loop
         vertex -9.150635E-001 3.415064E+000 -3.535534E+000
         vertex 2.164819E-016 3.535534E+000 -3.535534E+000
         vertex 1.863733E-016 3.043807E+000 -3.966767E+000
      endloop
   endfacet
   facet normal -8.647932E-002 6.568757E-001 -7.490231E-001
      outer loop
         vertex 1.863733E-016 3.043807E+000 -3.966767E+000
         vertex -7.877952E-001 2.940092E+000 -3.966767E+000
         vertex -9.150635E-001 3.415064E+000 -3.535534E+000
      endloop
   endfacet
   facet normal -2.535445E-001 6.121107E-001 -7.490231E-001
      outer loop
         vertex -1.767767E+000 3.061862E+000 -3.535534E+000
         vertex -9.150635E-001 3.415064E+000 -3.535534E+000
         vertex -7.877952E-001 2.940092E+000 -3.966767E+000
      endloop
   endfacet
   facet normal -2.535445E-001 6.121107E-001 -7.490231E-001
      outer loop
         vertex -7.877952E-001 2.940092E+000 -3.966767E+000
         vertex -1.521904E+000 2.636014E+000 -3.966767E+000
         vertex -1.767767E+000 3.061862E+000 -3.535534E+000
      endloop
   endfacet
   facet normal -4.033311E-001 5.256314E-001 -7.490231E-001
      outer loop
         vertex -2.500000E+000 2.500000E+000 -3.535534E+000
         vertex -1.767767E+000 3.061862E+000 -3.535534E+000
         vertex -1.521904E+000 2.636014E+000 -3.966767E+000
      endloop
   endfacet
   facet normal -4.033311E-001 5.256314E-001 -7.490231E-001
      outer loop
         vertex -1.521904E+000 2.636014E+000 -3.966767E+000
         vertex -2.152297E+000 2.152297E+000 -3.966767E+000
         vertex -2.500000E+000 2.500000E+000 -3.535534E+000
      endloop
   endfacet
   facet normal -5.256314E-001 4.033311E-001 -7.490231E-001
      outer loop
         vertex -3.061862E+000 1.767767E+000 -3.535534E+000
         vertex -2.500000E+000 2.500000E+000 -3.535534E+000
         vertex -2.152297E+000 2.152297E+000 -3.966767E+000
      endloop
   endfacet
   facet normal -5.256314E-001 4.033311E-001 -7.490231E-001
      outer loop
         vertex -2.152297E+000 2.152297E+000 -3.966767E+000
         vertex -2.636014E+000 1.521904E+000 -3.966767E+000
         vertex -3.061862E+000 1.767767E+000 -3.535534E+000
      endloop
   endfacet
   facet normal -6.121107E-001 2.535445E-001 -7.490231E-001
      outer loop
         vertex -3.415064E+000 9.150635E-001 -3.535534E+000
         vertex -3.061862E+000 1.767767E+000 -3.535534E+000
         vertex -2.636014E+000 1.521904E+000 -3.966767E+000
      endloop
   endfacet
   facet normal -6.121107E-001 2.535445E-001 -7.490231E-001
      outer loop
         vertex -2.636014E+000 1.521904E+000 -3.966767E+000
         vertex -2.940092E+000 7.877952E-001 -3.966767E+000
         vertex -3.415064E+000 9.150635E-001 -3.535534E+000
      endloop
   endfacet
   facet normal -6.568757E-001 8.647932E-002 -7.490231E-001
      outer loop
         vertex -3.535534E+000 4.329637E-016 -3.535534E+000
         vertex -3.415064E+000 9.150635E-001 -3.535534E+000
         vertex -2.940092E+000 7.877952E-001 -3.966767E+000
      endloop
   endfacet
   facet normal -6.568757E-001 8.647932E-002 -7.490231E-001
      outer loop
         vertex -2.940092E+000 7.877952E-001 -3.966767E+000
         vertex -3.043807E+000 3.727466E-016 -3.966767E+000
         vertex -3.535534E+000 4.329637E-016 -3.535534E+000
      endloop
   endfacet
   facet normal -6.568757E-001 -8.647932E-002 -7.490231E-001
      outer loop
         vertex -3.415064E+000 -9.150635E-001 -3.535534E+000
         vertex -3.535534E+000 4.329637E-016 -3.535534E+000
         vertex -3.043807E+000 3.727466E-016 -3.966767E+000
      endloop
   endfacet
   facet normal -6.568757E-001 -8.647932E-002 -7.490231E-001
      outer loop
         vertex -3.043807E+000 3.727466E-016 -3.966767E+000
         vertex -2.940092E+000 -7.877952E-001 -3.966767E+000
         vertex -3.415064E+000 -9.150635E-001 -3.535534E+000
      endloop
   endfacet
   facet normal -6.121107E-001 -2.535445E-001 -7.490231E-001
      outer loop
         vertex -3.061862E+000 -1.767767E+000 -3.535534E+000
         vertex -3.415064E+000 -9.150635E-001 -3.535534E+000
         vertex -2.940092E+000 -7.877952E-001 -3.966767E+000
      endloop
   endfacet
   facet normal -6.121107E-001 -2.535445E-001 -7.490231E-001
      outer loop
         vertex -2.940092E+000 -7.877952E-001 -3.966767E+000
         vertex -2.636014E+000 -1.521904E+000 -3.966767E+000
         vertex -3.061862E+000 -1.767767E+000 -3.535534E+000
      endloop
   endfacet
   facet normal -5.256314E-001 -4.033311E-001 -7.490231E-001
      outer loop
         vertex -2.500000E+000 -2.500000E+000 -3.535534E+000
         vertex -3.061862E+000 -1.767767E+000 -3.535534E+000
         vertex -2.636014E+000 -1.521904E+000 -3.966767E+000
      endloop
   endfacet
   facet normal -5.256314E-001 -4.033311E-001 -7.490231E-001
      outer loop
         vertex -2.636014E+000 -1.521904E+000 -3.966767E+000
         vertex -2.152297E+000 -2.152297E+000 -3.966767E+000
         vertex -2.500000E+000 -2.500000E+000 -3.535534E+000
      endloop
   endfacet
   facet normal -4.033311E-001 -5.256314E-001 -7.490231E-001
      outer loop
         vertex -1.767767E+000 -3.061862E+000 -3.535534E+000
         vertex -2.500000E+000 -2.500000E+000 -3.535534E+000
         vertex -2.152297E+000 -2.152297E+000 -3.966767E+000
      endloop
   endfacet
   facet normal -4.033311E-001 -5.256314E-001 -7.490231E-001
      outer loop
         vertex -2.152297E+000 -2.152297E+000 -3.966767E+000
         vertex -1.521904E+000 -2.636014E+000 -3.966767E+000
         vertex -1.767767E+000 -3.061862E+000 -3.535534E+000
      endloop
   endfacet
   facet normal -2.535445E-001 -6.121107E-001 -7.490231E-001
      outer loop
         vertex -9.150635E-001 -3.415064E+000 -3.535534E+000
         vertex -1.767767E+000 -3.061862E+000 -3.535534E+000
         vertex -1.521904E+000 -2.636014E+000 -3.966767E+000
      endloop
   endfacet
   facet normal -2.535445E-001 -6.121107E-001 -7.490231E-001
      outer loop
         vertex -1.521904E+000 -2.636014E+000 -3.966767E+000
         vertex -7.877952E-001 -2.940092E+000 -3.966767E+000
         vertex -9.150635E-001 -3.415064E+000 -3.535534E+000
      endloop
   endfacet
   facet normal -8.647932E-002 -6.568757E-001 -7.490231E-001
      outer loop
         vertex -6.494456E-016 -3.535534E+000 -3.535534E+000
         vertex -9.150635E-001 -3.415064E+000 -3.535534E+000
         vertex -7.877952E-001 -2.940092E+000 -3.966767E+000
      endloop
   endfacet
   facet normal -8.647932E-002 -6.568757E-001 -7.490231E-001
      outer loop
         vertex -7.877952E-001 -2.940092E+000 -3.966767E+000
         vertex -5.591198E-016 -3.043807E+000 -3.966767E+000
         vertex -6.494456E-016 -3.535534E+000 -3.535534E+000
      endloop
   endfacet
   facet normal 8.647932E-002 -6.568757E-001 -7.490231E-001
      outer loop
         vertex 9.150635E-001 -3.415064E+000 -3.535534E+000
         vertex -6.494456E-016 -3.535534E+000 -3.535534E+000
         vertex -5.591198E-016 -3.043807E+000 -3.966767E+000
      endloop
   endfacet
   facet normal 8.647932E-002 -6.568757E-001 -7.490231E-001
      outer loop
         vertex -5.591198E-016 -3.043807E+000 -3.966767E+000
         vertex 7.877952E-001 -2.940092E+000 -3.966767E+000
         vertex 9.150635E-001 -3.415064E+000 -3.535534E+000
      endloop
   endfacet
   facet normal 2.535445E-001 -6.121107E-001 -7.490231E-001
      outer loop
         vertex 1.767767E+000 -3.061862E+000 -3.535534E+000
         vertex 9.150635E-001 -3.415064E+000 -3.535534E+000
         vertex 7.877952E-001 -2.940092E+000 -3.966767E+000
      endloop
   endfacet
   facet normal 2.535445E-001 -6.121107E-001 -7.490231E-001
      outer loop
         vertex 7.877952E-001 -2.940092E+000 -3.966767E+000
         vertex 1.521904E+000 -2.636014E+000 -3.966767E+000
         vertex 1.767767E+000 -3.061862E+000 -3.535534E+000
      endloop
   endfacet
   facet normal 4.033311E-001 -5.256314E-001 -7.490231E-001
      outer loop
         vertex 2.500000E+000 -2.500000E+000 -3.535534E+000
         vertex 1.767767E+000 -3.061862E+000 -3.535534E+000
         vertex 1.521904E+000 -2.636014E+000 -3.966767E+000
      endloop
   endfacet
   facet normal 4.033311E-001 -5.256314E-001 -7.490231E-001
      outer loop
         vertex 1.521904E+000 -2.636014E+000 -3.966767E+000
         vertex 2.152297E+000 -2.152297E+000 -3.966767E+000
         vertex 2.500000E+000 -2.500000E+000 -3.535534E+000
      endloop
   endfacet
   facet normal 5.256314E-001 -4.033311E-001 -7.490231E-001
      outer loop
         vertex 3.061862E+000 -1.767767E+000 -3.535534E+000
         vertex 2.500000E+000 -2.500000E+000 -3.535534E+000
         vertex 2.152297E+000 -2.152297E+000 -3.966767E+000
      endloop
   endfacet
   facet normal 5.256314E-001 -4.033311E-001 -7.490231E-001
      outer loop
         vertex 2.152297E+000 -2.152297E+000 -3.966767E+000
         vertex 2.636014E+000 -1.521904E+000 -3.966767E+000
         vertex 3.061862E+000 -1.767767E+000 -3.535534E+000
      endloop
   endfacet
   facet normal 6.121107E-001 -2.535445E-001 -7.490231E-001
      outer loop
         vertex 3.415064E+000 -9.150635E-001 -3.535534E+000
         vertex 3.061862E+000 -1.767767E+000 -3.535534E+000
         vertex 2.636014E+000 -1.521904E+000 -3.966767E+000
      endloop
   endfacet
   facet normal 6.121107E-001 -2.535445E-001 -7.490231E-001
      outer loop
         vertex 2.636014E+000 -1.521904E+000 -3.966767E+000
         vertex 2.940092E+000 -7.877952E-001 -3.966767E+000
         vertex 3.415064E+000 -9.150635E-001 -3.535534E+000
      endloop
   endfacet
   facet normal 6.568757E-001 -8.647932E-002 -7.490231E-001
      outer loop
         vertex 3.535534E+000 -8.659274E-016 -3.535534E+000
         vertex 3.415064E+000 -9.150635E-001 -3.535534E+000
         vertex 2.940092E+000 -7.877952E-001 -3.966767E+000
      endloop
   endfacet
   facet normal 6.568757E-001 -8.647932E-002 -7.490231E-001
      outer loop
         vertex 2.940092E+000 -7.877952E-001 -3.966767E+000
         vertex 3.043807E+000 -7.454931E-016 -3.966767E+000
         vertex 3.535534E+000 -8.659274E-016 -3.535534E+000
      endloop
   endfacet
   facet normal 7.481836E-001 9.850024E-002 -6.561394E-001
      outer loop
         vertex 3.831602E+000 1.026675E+000 -3.043807E+000
         vertex 3.966767E+000 0.000000E+000 -3.043807E+000
         vertex 3.535534E+000 0.000000E+000 -3.535534E+000
      endloop
   endfacet
   facet normal 7.481836E-001 9.850024E-002 -6.561394E-001
      outer loop
         vertex 3.535534E+000 0.000000E+000 -3.535534E+000
         vertex 3.415064E+000 9.150635E-001 -3.535534E+000
         vertex 3.831602E+000 1.026675E+000 -3.043807E+000
      endloop
   endfacet
   facet normal 6.971961E-001 2.887881E-001 -6.561394E-001
      outer loop
         vertex 3.435321E+000 1.983383E+000 -3.043807E+000
         vertex 3.831602E+000 1.026675E+000 -3.043807E+000
         vertex 3.415064E+000 9.150635E-001 -3.535534E+000
      endloop
   endfacet
   facet normal 6.971961E-001 2.887881E-001 -6.561394E-001
      outer loop
         vertex 3.415064E+000 9.150635E-001 -3.535534E+000
         vertex 3.061862E+000 1.767767E+000 -3.535534E+000
         vertex 3.435321E+000 1.983383E+000 -3.043807E+000
      endloop
   endfacet
   facet normal 5.986959E-001 4.593955E-001 -6.561394E-001
      outer loop
         vertex 2.804928E+000 2.804928E+000 -3.043807E+000
         vertex 3.435321E+000 1.983383E+000 -3.043807E+000
         vertex 3.061862E+000 1.767767E+000 -3.535534E+000
      endloop
   endfacet
   facet normal 5.986959E-001 4.593955E-001 -6.561394E-001
      outer loop
         vertex 3.061862E+000 1.767767E+000 -3.535534E+000
         vertex 2.500000E+000 2.500000E+000 -3.535534E+000
         vertex 2.804928E+000 2.804928E+000 -3.043807E+000
      endloop
   endfacet
   facet normal 4.593955E-001 5.986959E-001 -6.561394E-001
      outer loop
         vertex 1.983383E+000 3.435321E+000 -3.043807E+000
         vertex 2.804928E+000 2.804928E+000 -3.043807E+000
         vertex 2.500000E+000 2.500000E+000 -3.535534E+000
      endloop
   endfacet
   facet normal 4.593955E-001 5.986959E-001 -6.561394E-001
      outer loop
         vertex 2.500000E+000 2.500000E+000 -3.535534E+000
         vertex 1.767767E+000 3.061862E+000 -3.535534E+000
         vertex 1.983383E+000 3.435321E+000 -3.043807E+000
      endloop
   endfacet
   facet normal 2.887881E-001 6.971961E-001 -6.561394E-001
      outer loop
         vertex 1.026675E+000 3.831602E+000 -3.043807E+000
         vertex 1.983383E+000 3.435321E+000 -3.043807E+000
         vertex 1.767767E+000 3.061862E+000 -3.535534E+000
      endloop
   endfacet
   facet normal 2.887881E-001 6.971961E-001 -6.561394E-001
      outer loop
         vertex 1.767767E+000 3.061862E+000 -3.535534E+000
         vertex 9.150635E-001 3.415064E+000 -3.535534E+000
         vertex 1.026675E+000 3.831602E+000 -3.043807E+000
      endloop
   endfacet
   facet normal 9.850024E-002 7.481836E-001 -6.561394E-001
      outer loop
         vertex 2.428864E-016 3.966767E+000 -3.043807E+000
         vertex 1.026675E+000 3.831602E+000 -3.043807E+000
         vertex 9.150635E-001 3.415064E+000 -3.535534E+000
      endloop
   endfacet
   facet normal 9.850024E-002 7.481836E-001 -6.561394E-001
      outer loop
         vertex 9.150635E-001 3.415064E+000 -3.535534E+000
         vertex 2.164819E-016 3.535534E+000 -3.535534E+000
         vertex 2.428864E-016 3.966767E+000 -3.043807E+000
      endloop
   endfacet
   facet normal -9.850024E-002 7.481836E-001 -6.561394E-001
      outer loop
         vertex -1.026675E+000 3.831602E+000 -3.043807E+000
         vertex 2.428864E-016 3.966767E+000 -3.043807E+000
         vertex 2.164819E-016 3.535534E+000 -3.535534E+000
      endloop
   endfacet
   facet normal -9.850024E-002 7.481836E-001 -6.561394E-001
      outer loop
         vertex 2.164819E-016 3.535534E+000 -3.535534E+000
         vertex -9.150635E-001 3.415064E+000 -3.535534E+000
         vertex -1.026675E+000 3.831602E+000 -3.043807E+000
      endloop
   endfacet
   facet normal -2.887881E-001 6.971961E-001 -6.561394E-001
      outer loop
         vertex -1.983383E+000 3.435321E+000 -3.043807E+000
         vertex -1.026675E+000 3.831602E+000 -3.043807E+000
         vertex -9.150635E-001 3.415064E+000 -3.535534E+000
      endloop
   endfacet
   facet normal -2.887881E-001 6.971961E-001 -6.561394E-001
      outer loop
         vertex -9.150635E-001 3.415064E+000 -3.535534E+000
         vertex -1.767767E+000 3.061862E+000 -3.535534E+000
         vertex -1.983383E+000 3.435321E+000 -3.043807E+000
      endloop
   endfacet
   facet normal -4.593955E-001 5.986959E-001 -6.561394E-001
      outer loop
         vertex -2.804928E+000 2.804928E+000 -3.043807E+000
         vertex -1.983383E+000 3.435321E+000 -3.043807E+000
         vertex -1.767767E+000 3.061862E+000 -3.535534E+000
      endloop
   endfacet
   facet normal -4.593955E-001 5.986959E-001 -6.561394E-001
      outer loop
         vertex -1.767767E+000 3.061862E+000 -3.535534E+000
         vertex -2.500000E+000 2.500000E+000 -3.535534E+000
         vertex -2.804928E+000 2.804928E+000 -3.043807E+000
      endloop
   endfacet
   facet normal -5.986959E-001 4.593955E-001 -6.561394E-001
      outer loop
         vertex -3.435321E+000 1.983383E+000 -3.043807E+000
         vertex -2.804928E+000 2.804928E+000 -3.043807E+000
         vertex -2.500000E+000 2.500000E+000 -3.535534E+000
      endloop
   endfacet
   facet normal -5.986959E-001 4.593955E-001 -6.561394E-001
      outer loop
         vertex -2.500000E+000 2.500000E+000 -3.535534E+000
         vertex -3.061862E+000 1.767767E+000 -3.535534E+000
         vertex -3.435321E+000 1.983383E+000 -3.043807E+000
      endloop
   endfacet
   facet normal -6.971961E-001 2.887881E-001 -6.561394E-001
      outer loop
         vertex -3.831602E+000 1.026675E+000 -3.043807E+000
         vertex -3.435321E+000 1.983383E+000 -3.043807E+000
         vertex -3.061862E+000 1.767767E+000 -3.535534E+000
      endloop
   endfacet
   facet normal -6.971961E-001 2.887881E-001 -6.561394E-001
      outer loop
         vertex -3.061862E+000 1.767767E+000 -3.535534E+000
         vertex -3.415064E+000 9.150635E-001 -3.535534E+000
         vertex -3.831602E+000 1.026675E+000 -3.043807E+000
      endloop
   endfacet
   facet normal -7.481836E-001 9.850024E-002 -6.561394E-001
      outer loop
         vertex -3.966767E+000 4.857728E-016 -3.043807E+000
         vertex -3.831602E+000 1.026675E+000 -3.043807E+000
         vertex -3.415064E+000 9.150635E-001 -3.535534E+000
      endloop
   endfacet
   facet normal -7.481836E-001 9.850024E-002 -6.561394E-001
      outer loop
         vertex -3.415064E+000 9.150635E-001 -3.535534E+000
         vertex -3.535534E+000 4.329637E-016 -3.535534E+000
         vertex -3.966767E+000 4.857728E-016 -3.043807E+000
      endloop
   endfacet
   facet normal -7.481836E-001 -9.850024E-002 -6.561394E-001
      outer loop
         vertex -3.831602E+000 -1.026675E+000 -3.043807E+000
         vertex -3.966767E+000 4.857728E-016 -3.043807E+000
         vertex -3.535534E+000 4.329637E-016 -3.535534E+000
      endloop
   endfacet
   facet normal -7.481836E-001 -9.850024E-002 -6.561394E-001
      outer loop
         vertex -3.535534E+000 4.329637E-016 -3.535534E+000
         vertex -3.415064E+000 -9.150635E-001 -3.535534E+000
         vertex -3.831602E+000 -1.026675E+000 -3.043807E+000
      endloop
   endfacet
   facet normal -6.971961E-001 -2.887881E-001 -6.561394E-001
      outer loop
         vertex -3.435321E+000 -1.983383E+000 -3.043807E+000
         vertex -3.831602E+000 -1.026675E+000 -3.043807E+000
         vertex -3.415064E+000 -9.150635E-001 -3.535534E+000
      endloop
   endfacet
   facet normal -6.971961E-001 -2.887881E-001 -6.561394E-001
      outer loop
         vertex -3.415064E+000 -9.150635E-001 -3.535534E+000
         vertex -3.061862E+000 -1.767767E+000 -3.535534E+000
         vertex -3.435321E+000 -1.983383E+000 -3.043807E+000
      endloop
   endfacet
   facet normal -5.986959E-001 -4.593955E-001 -6.561394E-001
      outer loop
         vertex -2.804928E+000 -2.804928E+000 -3.043807E+000
         vertex -3.435321E+000 -1.983383E+000 -3.043807E+000
         vertex -3.061862E+000 -1.767767E+000 -3.535534E+000
      endloop
   endfacet
   facet normal -5.986959E-001 -4.593955E-001 -6.561394E-001
      outer loop
         vertex -3.061862E+000 -1.767767E+000 -3.535534E+000
         vertex -2.500000E+000 -2.500000E+000 -3.535534E+000
         vertex -2.804928E+000 -2.804928E+000 -3.043807E+000
      endloop
   endfacet
   facet normal -4.593955E-001 -5.986959E-001 -6.561394E-001
      outer loop
         vertex -1.983383E+000 -3.435321E+000 -3.043807E+000
         vertex -2.804928E+000 -2.804928E+000 -3.043807E+000
         vertex -2.500000E+000 -2.500000E+000 -3.535534E+000
      endloop
   endfacet
   facet normal -4.593955E-001 -5.986959E-001 -6.561394E-001
      outer loop
         vertex -2.500000E+000 -2.500000E+000 -3.535534E+000
         vertex -1.767767E+000 -3.061862E+000 -3.535534E+000
         vertex -1.983383E+000 -3.435321E+000 -3.043807E+000
      endloop
   endfacet
   facet normal -2.887881E-001 -6.971961E-001 -6.561394E-001
      outer loop
         vertex -1.026675E+000 -3.831602E+000 -3.043807E+000
         vertex -1.983383E+000 -3.435321E+000 -3.043807E+000
         vertex -1.767767E+000 -3.061862E+000 -3.535534E+000
      endloop
   endfacet
   facet normal -2.887881E-001 -6.971961E-001 -6.561394E-001
      outer loop
         vertex -1.767767E+000 -3.061862E+000 -3.535534E+000
         vertex -9.150635E-001 -3.415064E+000 -3.535534E+000
         vertex -1.026675E+000 -3.831602E+000 -3.043807E+000
      endloop
   endfacet
   facet normal -9.850024E-002 -7.481836E-001 -6.561394E-001
      outer loop
         vertex -7.286591E-016 -3.966767E+000 -3.043807E+000
         vertex -1.026675E+000 -3.831602E+000 -3.043807E+000
         vertex -9.150635E-001 -3.415064E+000 -3.535534E+000
      endloop
   endfacet
   facet normal -9.850024E-002 -7.481836E-001 -6.561394E-001
      outer loop
         vertex -9.150635E-001 -3.415064E+000 -3.535534E+000
         vertex -6.494456E-016 -3.535534E+000 -3.535534E+000
         vertex -7.286591E-016 -3.966767E+000 -3.043807E+000
      endloop
   endfacet
   facet normal 9.850024E-002 -7.481836E-001 -6.561394E-001
      outer loop
         vertex 1.026675E+000 -3.831602E+000 -3.043807E+000
         vertex -7.286591E-016 -3.966767E+000 -3.043807E+000
         vertex -6.494456E-016 -3.535534E+000 -3.535534E+000
      endloop
   endfacet
   facet normal 9.850024E-002 -7.481836E-001 -6.561394E-001
      outer loop
         vertex -6.494456E-016 -3.535534E+000 -3.535534E+000
         vertex 9.150635E-001 -3.415064E+000 -3.535534E+000
         vertex 1.026675E+000 -3.831602E+000 -3.043807E+000
      endloop
   endfacet
   facet normal 2.887881E-001 -6.971961E-001 -6.561394E-001
      outer loop
         vertex 1.983383E+000 -3.435321E+000 -3.043807E+000
         vertex 1.026675E+000 -3.831602E+000 -3.043807E+000
         vertex 9.150635E-001 -3.415064E+000 -3.535534E+000
      endloop
   endfacet
   facet normal 2.887881E-001 -6.971961E-001 -6.561394E-001
      outer loop
         vertex 9.150635E-001 -3.415064E+000 -3.535534E+000
         vertex 1.767767E+000 -3.061862E+000 -3.535534E+000
         vertex 1.983383E+000 -3.435321E+000 -3.043807E+000
      endloop
   endfacet
   facet normal 4.593955E-001 -5.986959E-001 -6.561394E-001
      outer loop
         vertex 2.804928E+000 -2.804928E+000 -3.043807E+000
         vertex 1.983383E+000 -3.435321E+000 -3.043807E+000
         vertex 1.767767E+000 -3.061862E+000 -3.535534E+000
      endloop
   endfacet
   facet normal 4.593955E-001 -5.986959E-001 -6.561394E-001
      outer loop
         vertex 1.767767E+000 -3.061862E+000 -3.535534E+000
         vertex 2.500000E+000 -2.500000E+000 -3.535534E+000
         vertex 2.804928E+000 -2.804928E+000 -3.043807E+000
      endloop
   endfacet
   facet normal 5.986959E-001 -4.593955E-001 -6.561394E-001
      outer loop
         vertex 3.435321E+000 -1.983383E+000 -3.043807E+000
         vertex 2.804928E+000 -2.804928E+000 -3.043807E+000
         vertex 2.500000E+000 -2.500000E+000 -3.535534E+000
      endloop
   endfacet
   facet normal 5.986959E-001 -4.593955E-001 -6.561394E-001
      outer loop
         vertex 2.500000E+000 -2.500000E+000 -3.535534E+000
         vertex 3.061862E+000 -1.767767E+000 -3.535534E+000
         vertex 3.435321E+000 -1.983383E+000 -3.043807E+000
      endloop
   endfacet
   facet normal 6.971961E-001 -2.887881E-001 -6.561394E-001
      outer loop
         vertex 3.831602E+000 -1.026675E+000 -3.043807E+000
         vertex 3.435321E+000 -1.983383E+000 -3.043807E+000
         vertex 3.061862E+000 -1.767767E+000 -3.535534E+000
      endloop
   endfacet
   facet normal 6.971961E-001 -2.887881E-001 -6.561394E-001
      outer loop
         vertex 3.061862E+000 -1.767767E+000 -3.535534E+000
         vertex 3.415064E+000 -9.150635E-001 -3.535534E+000
         vertex 3.831602E+000 -1.026675E+000 -3.043807E+000
      endloop
   endfacet
   facet normal 7.481836E-001 -9.850024E-002 -6.561394E-001
      outer loop
         vertex 3.966767E+000 -9.715455E-016 -3.043807E+000
         vertex 3.831602E+000 -1.026675E+000 -3.043807E+000
         vertex 3.415064E+000 -9.150635E-001 -3.535534E+000
      endloop
   endfacet
   facet normal 7.481836E-001 -9.850024E-002 -6.561394E-001
      outer loop
         vertex 3.415064E+000 -9.150635E-001 -3.535534E+000
         vertex 3.535534E+000 -8.659274E-016 -3.535534E+000
         vertex 3.966767E+000 -9.715455E-016 -3.043807E+000
      endloop
   endfacet
   facet normal 8.265324E-001 1.088151E-001 -5.522712E-001
      outer loop
         vertex 4.182581E+000 1.120719E+000 -2.500000E+000
         vertex 4.330127E+000 0.000000E+000 -2.500000E+000
         vertex 3.966767E+000 0.000000E+000 -3.043807E+000
      endloop
   endfacet
   facet normal 8.265324E-001 1.088151E-001 -5.522712E-001
      outer loop
         vertex 3.966767E+000 0.000000E+000 -3.043807E+000
         vertex 3.831602E+000 1.026675E+000 -3.043807E+000
         vertex 4.182581E+000 1.120719E+000 -2.500000E+000
      endloop
   endfacet
   facet normal 7.702056E-001 3.190296E-001 -5.522712E-001
      outer loop
         vertex 3.750000E+000 2.165064E+000 -2.500000E+000
         vertex 4.182581E+000 1.120719E+000 -2.500000E+000
         vertex 3.831602E+000 1.026675E+000 -3.043807E+000
      endloop
   endfacet
   facet normal 7.702056E-001 3.190296E-001 -5.522712E-001
      outer loop
         vertex 3.831602E+000 1.026675E+000 -3.043807E+000
         vertex 3.435321E+000 1.983383E+000 -3.043807E+000
         vertex 3.750000E+000 2.165064E+000 -2.500000E+000
      endloop
   endfacet
   facet normal 6.613905E-001 5.075028E-001 -5.522712E-001
      outer loop
         vertex 3.061862E+000 3.061862E+000 -2.500000E+000
         vertex 3.750000E+000 2.165064E+000 -2.500000E+000
         vertex 3.435321E+000 1.983383E+000 -3.043807E+000
      endloop
   endfacet
   facet normal 6.613905E-001 5.075028E-001 -5.522712E-001
      outer loop
         vertex 3.435321E+000 1.983383E+000 -3.043807E+000
         vertex 2.804928E+000 2.804928E+000 -3.043807E+000
         vertex 3.061862E+000 3.061862E+000 -2.500000E+000
      endloop
   endfacet
   facet normal 5.075028E-001 6.613905E-001 -5.522712E-001
      outer loop
         vertex 2.165064E+000 3.750000E+000 -2.500000E+000
         vertex 3.061862E+000 3.061862E+000 -2.500000E+000
         vertex 2.804928E+000 2.804928E+000 -3.043807E+000
      endloop
   endfacet
   facet normal 5.075028E-001 6.613905E-001 -5.522712E-001
      outer loop
         vertex 2.804928E+000 2.804928E+000 -3.043807E+000
         vertex 1.983383E+000 3.435321E+000 -3.043807E+000
         vertex 2.165064E+000 3.750000E+000 -2.500000E+000
      endloop
   endfacet
   facet normal 3.190296E-001 7.702056E-001 -5.522712E-001
      outer loop
         vertex 1.120719E+000 4.182581E+000 -2.500000E+000
         vertex 2.165064E+000 3.750000E+000 -2.500000E+000
         vertex 1.983383E+000 3.435321E+000 -3.043807E+000
      endloop
   endfacet
   facet normal 3.190296E-001 7.702056E-001 -5.522712E-001
      outer loop
         vertex 1.983383E+000 3.435321E+000 -3.043807E+000
         vertex 1.026675E+000 3.831602E+000 -3.043807E+000
         vertex 1.120719E+000 4.182581E+000 -2.500000E+000
      endloop
   endfacet
   facet normal 1.088151E-001 8.265324E-001 -5.522712E-001
      outer loop
         vertex 2.651351E-016 4.330127E+000 -2.500000E+000
         vertex 1.120719E+000 4.182581E+000 -2.500000E+000
         vertex 1.026675E+000 3.831602E+000 -3.043807E+000
      endloop
   endfacet
   facet normal 1.088151E-001 8.265324E-001 -5.522712E-001
      outer loop
         vertex 1.026675E+000 3.831602E+000 -3.043807E+000
         vertex 2.428864E-016 3.966767E+000 -3.043807E+000
         vertex 2.651351E-016 4.330127E+000 -2.500000E+000
      endloop
   endfacet
   facet normal -1.088151E-001 8.265324E-001 -5.522712E-001
      outer loop
         vertex -1.120719E+000 4.182581E+000 -2.500000E+000
         vertex 2.651351E-016 4.330127E+000 -2.500000E+000
         vertex 2.428864E-016 3.966767E+000 -3.043807E+000
      endloop
   endfacet
   facet normal -1.088151E-001 8.265324E-001 -5.522712E-001
      outer loop
         vertex 2.428864E-016 3.966767E+000 -3.043807E+000
         vertex -1.026675E+000 3.831602E+000 -3.043807E+000
         vertex -1.120719E+000 4.182581E+000 -2.500000E+000
      endloop
   endfacet
   facet normal -3.190296E-001 7.702056E-001 -5.522712E-001
      outer loop
         vertex -2.165064E+000 3.750000E+000 -2.500000E+000
         vertex -1.120719E+000 4.182581E+000 -2.500000E+000
         vertex -1.026675E+000 3.831602E+000 -3.043807E+000
      endloop
   endfacet
   facet normal -3.190296E-001 7.702056E-001 -5.522712E-001
      outer loop
         vertex -1.026675E+000 3.831602E+000 -3.043807E+000
         vertex -1.983383E+000 3.435321E+000 -3.043807E+000
         vertex -2.165064E+000 3.750000E+000 -2.500000E+000
      endloop
   endfacet
   facet normal -5.075028E-001 6.613905E-001 -5.522712E-001
      outer loop
         vertex -3.061862E+000 3.061862E+000 -2.500000E+000
         vertex -2.165064E+000 3.750000E+000 -2.500000E+000
         vertex -1.983383E+000 3.435321E+000 -3.043807E+000
      endloop
   endfacet
   facet normal -5.075028E-001 6.613905E-001 -5.522712E-001
      outer loop
         vertex -1.983383E+000 3.435321E+000 -3.043807E+000
         vertex -2.804928E+000 2.804928E+000 -3.043807E+000
         vertex -3.061862E+000 3.061862E+000 -2.500000E+000
      endloop
   endfacet
   facet normal -6.613905E-001 5.075028E-001 -5.522712E-001
      outer loop
         vertex -3.750000E+000 2.165064E+000 -2.500000E+000
         vertex -3.061862E+000 3.061862E+000 -2.500000E+000
         vertex -2.804928E+000 2.804928E+000 -3.043807E+000
      endloop
   endfacet
   facet normal -6.613905E-001 5.075028E-001 -5.522712E-001
      outer loop
         vertex -2.804928E+000 2.804928E+000 -3.043807E+000
         vertex -3.435321E+000 1.983383E+000 -3.043807E+000
         vertex -3.750000E+000 2.165064E+000 -2.500000E+000
      endloop
   endfacet
   facet normal -7.702056E-001 3.190296E-001 -5.522712E-001
      outer loop
         vertex -4.182581E+000 1.120719E+000 -2.500000E+000
         vertex -3.750000E+000 2.165064E+000 -2.500000E+000
         vertex -3.435321E+000 1.983383E+000 -3.043807E+000
      endloop
   endfacet
   facet normal -7.702056E-001 3.190296E-001 -5.522712E-001
      outer loop
         vertex -3.435321E+000 1.983383E+000 -3.043807E+000
         vertex -3.831602E+000 1.026675E+000 -3.043807E+000
         vertex -4.182581E+000 1.120719E+000 -2.500000E+000
      endloop
   endfacet
   facet normal -8.265324E-001 1.088151E-001 -5.522712E-001
      outer loop
         vertex -4.330127E+000 5.302701E-016 -2.500000E+000
         vertex -4.182581E+000 1.120719E+000 -2.500000E+000
         vertex -3.831602E+000 1.026675E+000 -3.043807E+000
      endloop
   endfacet
   facet normal -8.265324E-001 1.088151E-001 -5.522712E-001
      outer loop
         vertex -3.831602E+000 1.026675E+000 -3.043807E+000
         vertex -3.966767E+000 4.857728E-016 -3.043807E+000
         vertex -4.330127E+000 5.302701E-016 -2.500000E+000
      endloop
   endfacet
   facet normal -8.265324E-001 -1.088151E-001 -5.522712E-001
      outer loop
         vertex -4.182581E+000 -1.120719E+000 -2.500000E+000
         vertex -4.330127E+000 5.302701E-016 -2.500000E+000
         vertex -3.966767E+000 4.857728E-016 -3.043807E+000
      endloop
   endfacet
   facet normal -8.265324E-001 -1.088151E-001 -5.522712E-001
      outer loop
         vertex -3.966767E+000 4.857728E-016 -3.043807E+000
         vertex -3.831602E+000 -1.026675E+000 -3.043807E+000
         vertex -4.182581E+000 -1.120719E+000 -2.500000E+000
      endloop
   endfacet
   facet normal -7.702056E-001 -3.190296E-001 -5.522712E-001
      outer loop
         vertex -3.750000E+000 -2.165064E+000 -2.500000E+000
         vertex -4.182581E+000 -1.120719E+000 -2.500000E+000
         vertex -3.831602E+000 -1.026675E+000 -3.043807E+000
      endloop
   endfacet
   facet normal -7.702056E-001 -3.190296E-001 -5.522712E-001
      outer loop
         vertex -3.831602E+000 -1.026675E+000 -3.043807E+000
         vertex -3.435321E+000 -1.983383E+000 -3.043807E+000
         vertex -3.750000E+000 -2.165064E+000 -2.500000E+000
      endloop
   endfacet
   facet normal -6.613905E-001 -5.075028E-001 -5.522712E-001
      outer loop
         vertex -3.061862E+000 -3.061862E+000 -2.500000E+000
         vertex -3.750000E+000 -2.165064E+000 -2.500000E+000
         vertex -3.435321E+000 -1.983383E+000 -3.043807E+000
      endloop
   endfacet
   facet normal -6.613905E-001 -5.075028E-001 -5.522712E-001
      outer loop
         vertex -3.435321E+000 -1.983383E+000 -3.043807E+000
         vertex -2.804928E+000 -2.804928E+000 -3.043807E+000
         vertex -3.061862E+000 -3.061862E+000 -2.500000E+000
      endloop
   endfacet
   facet normal -5.075028E-001 -6.613905E-001 -5.522712E-001
      outer loop
         vertex -2.165064E+000 -3.750000E+000 -2.500000E+000
         vertex -3.061862E+000 -3.061862E+000 -2.500000E+000
         vertex -2.804928E+000 -2.804928E+000 -3.043807E+000
      endloop
   endfacet
   facet normal -5.075028E-001 -6.613905E-001 -5.522712E-001
      outer loop
         vertex -2.804928E+000 -2.804928E+000 -3.043807E+000
         vertex -1.983383E+000 -3.435321E+000 -3.043807E+000
         vertex -2.165064E+000 -3.750000E+000 -2.500000E+000
      endloop
   endfacet
   facet normal -3.190296E-001 -7.702056E-001 -5.522712E-001
      outer loop
         vertex -1.120719E+000 -4.182581E+000 -2.500000E+000
         vertex -2.165064E+000 -3.750000E+000 -2.500000E+000
         vertex -1.983383E+000 -3.435321E+000 -3.043807E+000
      endloop
   endfacet
   facet normal -3.190296E-001 -7.702056E-001 -5.522712E-001
      outer loop
         vertex -1.983383E+000 -3.435321E+000 -3.043807E+000
         vertex -1.026675E+000 -3.831602E+000 -3.043807E+000
         vertex -1.120719E+000 -4.182581E+000 -2.500000E+000
      endloop
   endfacet
   facet normal -1.088151E-001 -8.265324E-001 -5.522712E-001
      outer loop
         vertex -7.954052E-016 -4.330127E+000 -2.500000E+000
         vertex -1.120719E+000 -4.182581E+000 -2.500000E+000
         vertex -1.026675E+000 -3.831602E+000 -3.043807E+000
      endloop
   endfacet
   facet normal -1.088151E-001 -8.265324E-001 -5.522712E-001
      outer loop
         vertex -1.026675E+000 -3.831602E+000 -3.043807E+000
         vertex -7.286591E-016 -3.966767E+000 -3.043807E+000
         vertex -7.954052E-016 -4.330127E+000 -2.500000E+000
      endloop
   endfacet
   facet normal 1.088151E-001 -8.265324E-001 -5.522712E-001
      outer loop
         vertex 1.120719E+000 -4.182581E+000 -2.500000E+000
         vertex -7.954052E-016 -4.330127E+000 -2.500000E+000
         vertex -7.286591E-016 -3.966767E+000 -3.043807E+000
      endloop
   endfacet
   facet normal 1.088151E-001 -8.265324E-001 -5.522712E-001
      outer loop
         vertex -7.286591E-016 -3.966767E+000 -3.043807E+000
         vertex 1.026675E+000 -3.831602E+000 -3.043807E+000
         vertex 1.120719E+000 -4.182581E+000 -2.500000E+000
      endloop
   endfacet
   facet normal 3.190296E-001 -7.702056E-001 -5.522712E-001
      outer loop
         vertex 2.165064E+000 -3.750000E+000 -2.500000E+000
         vertex 1.120719E+000 -4.182581E+000 -2.500000E+000
         vertex 1.026675E+000 -3.831602E+000 -3.043807E+000
      endloop
   endfacet
   facet normal 3.190296E-001 -7.702056E-001 -5.522712E-001
      outer loop
         vertex 1.026675E+000 -3.831602E+000 -3.043807E+000
         vertex 1.983383E+000 -3.435321E+000 -3.043807E+000
         vertex 2.165064E+000 -3.750000E+000 -2.500000E+000
      endloop
   endfacet
   facet normal 5.075028E-001 -6.613905E-001 -5.522712E-001
      outer loop
         vertex 3.061862E+000 -3.061862E+000 -2.500000E+000
         vertex 2.165064E+000 -3.750000E+000 -2.500000E+000
         vertex 1.983383E+000 -3.435321E+000 -3.043807E+000
      endloop
   endfacet
   facet normal 5.075028E-001 -6.613905E-001 -5.522712E-001
      outer loop
         vertex 1.983383E+000 -3.435321E+000 -3.043807E+000
         vertex 2.804928E+000 -2.804928E+000 -3.043807E+000
         vertex 3.061862E+000 -3.061862E+000 -2.500000E+000
      endloop
   endfacet
   facet normal 6.613905E-001 -5.075028E-001 -5.522712E-001
      outer loop
         vertex 3.750000E+000 -2.165064E+000 -2.500000E+000
         vertex 3.061862E+000 -3.061862E+000 -2.500000E+000
         vertex 2.804928E+000 -2.804928E+000 -3.043807E+000
      endloop
   endfacet
   facet normal 6.613905E-001 -5.075028E-001 -5.522712E-001
      outer loop
         vertex 2.804928E+000 -2.804928E+000 -3.043807E+000
         vertex 3.435321E+000 -1.983383E+000 -3.043807E+000
         vertex 3.750000E+000 -2.165064E+000 -2.500000E+000
      endloop
   endfacet
   facet normal 7.702056E-001 -3.190296E-001 -5.522712E-001
      outer loop
         vertex 4.182581E+000 -1.120719E+000 -2.500000E+000
         vertex 3.750000E+000 -2.165064E+000 -2.500000E+000
         vertex 3.435321E+000 -1.983383E+000 -3.043807E+000
      endloop
   endfacet
   facet normal 7.702056E-001 -3.190296E-001 -5.522712E-001
      outer loop
         vertex 3.435321E+000 -1.983383E+000 -3.043807E+000
         vertex 3.831602E+000 -1.026675E+000 -3.043807E+000
         vertex 4.182581E+000 -1.120719E+000 -2.500000E+000
      endloop
   endfacet
   facet normal 8.265324E-001 -1.088151E-001 -5.522712E-001
      outer loop
         vertex 4.330127E+000 -1.060540E-015 -2.500000E+000
         vertex 4.182581E+000 -1.120719E+000 -2.500000E+000
         vertex 3.831602E+000 -1.026675E+000 -3.043807E+000
      endloop
   endfacet
   facet normal 8.265324E-001 -1.088151E-001 -5.522712E-001
      outer loop
         vertex 3.831602E+000 -1.026675E+000 -3.043807E+000
         vertex 3.966767E+000 -9.715455E-016 -3.043807E+000
         vertex 4.330127E+000 -1.060540E-015 -2.500000E+000
      endloop
   endfacet
   facet normal 8.906853E-001 1.172609E-001 -4.392374E-001
      outer loop
         vertex 4.461996E+000 1.195588E+000 -1.913417E+000
         vertex 4.619398E+000 0.000000E+000 -1.913417E+000
         vertex 4.330127E+000 0.000000E+000 -2.500000E+000
      endloop
   endfacet
   facet normal 8.906853E-001 1.172609E-001 -4.392374E-001
      outer loop
         vertex 4.330127E+000 0.000000E+000 -2.500000E+000
         vertex 4.182581E+000 1.120719E+000 -2.500000E+000
         vertex 4.461996E+000 1.195588E+000 -1.913417E+000
      endloop
   endfacet
   facet normal 8.299866E-001 3.437917E-001 -4.392374E-001
      outer loop
         vertex 4.000516E+000 2.309699E+000 -1.913417E+000
         vertex 4.461996E+000 1.195588E+000 -1.913417E+000
         vertex 4.182581E+000 1.120719E+000 -2.500000E+000
      endloop
   endfacet
   facet normal 8.299866E-001 3.437917E-001 -4.392374E-001
      outer loop
         vertex 4.182581E+000 1.120719E+000 -2.500000E+000
         vertex 3.750000E+000 2.165064E+000 -2.500000E+000
         vertex 4.000516E+000 2.309699E+000 -1.913417E+000
      endloop
   endfacet
   facet normal 7.127256E-001 5.468937E-001 -4.392374E-001
      outer loop
         vertex 3.266407E+000 3.266407E+000 -1.913417E+000
         vertex 4.000516E+000 2.309699E+000 -1.913417E+000
         vertex 3.750000E+000 2.165064E+000 -2.500000E+000
      endloop
   endfacet
   facet normal 7.127256E-001 5.468937E-001 -4.392374E-001
      outer loop
         vertex 3.750000E+000 2.165064E+000 -2.500000E+000
         vertex 3.061862E+000 3.061862E+000 -2.500000E+000
         vertex 3.266407E+000 3.266407E+000 -1.913417E+000
      endloop
   endfacet
   facet normal 5.468937E-001 7.127256E-001 -4.392374E-001
      outer loop
         vertex 2.309699E+000 4.000516E+000 -1.913417E+000
         vertex 3.266407E+000 3.266407E+000 -1.913417E+000
         vertex 3.061862E+000 3.061862E+000 -2.500000E+000
      endloop
   endfacet
   facet normal 5.468937E-001 7.127256E-001 -4.392374E-001
      outer loop
         vertex 3.061862E+000 3.061862E+000 -2.500000E+000
         vertex 2.165064E+000 3.750000E+000 -2.500000E+000
         vertex 2.309699E+000 4.000516E+000 -1.913417E+000
      endloop
   endfacet
   facet normal 3.437917E-001 8.299866E-001 -4.392374E-001
      outer loop
         vertex 1.195588E+000 4.461996E+000 -1.913417E+000
         vertex 2.309699E+000 4.000516E+000 -1.913417E+000
         vertex 2.165064E+000 3.750000E+000 -2.500000E+000
      endloop
   endfacet
   facet normal 3.437917E-001 8.299866E-001 -4.392374E-001
      outer loop
         vertex 2.165064E+000 3.750000E+000 -2.500000E+000
         vertex 1.120719E+000 4.182581E+000 -2.500000E+000
         vertex 1.195588E+000 4.461996E+000 -1.913417E+000
      endloop
   endfacet
   facet normal 1.172609E-001 8.906853E-001 -4.392374E-001
      outer loop
         vertex 2.828472E-016 4.619398E+000 -1.913417E+000
         vertex 1.195588E+000 4.461996E+000 -1.913417E+000
         vertex 1.120719E+000 4.182581E+000 -2.500000E+000
      endloop
   endfacet
   facet normal 1.172609E-001 8.906853E-001 -4.392374E-001
      outer loop
         vertex 1.120719E+000 4.182581E+000 -2.500000E+000
         vertex 2.651351E-016 4.330127E+000 -2.500000E+000
         vertex 2.828472E-016 4.619398E+000 -1.913417E+000
      endloop
   endfacet
   facet normal -1.172609E-001 8.906853E-001 -4.392374E-001
      outer loop
         vertex -1.195588E+000 4.461996E+000 -1.913417E+000
         vertex 2.828472E-016 4.619398E+000 -1.913417E+000
         vertex 2.651351E-016 4.330127E+000 -2.500000E+000
      endloop
   endfacet
   facet normal -1.172609E-001 8.906853E-001 -4.392374E-001
      outer loop
         vertex 2.651351E-016 4.330127E+000 -2.500000E+000
         vertex -1.120719E+000 4.182581E+000 -2.500000E+000
         vertex -1.195588E+000 4.461996E+000 -1.913417E+000
      endloop
   endfacet
   facet normal -3.437917E-001 8.299866E-001 -4.392374E-001
      outer loop
         vertex -2.309699E+000 4.000516E+000 -1.913417E+000
         vertex -1.195588E+000 4.461996E+000 -1.913417E+000
         vertex -1.120719E+000 4.182581E+000 -2.500000E+000
      endloop
   endfacet
   facet normal -3.437917E-001 8.299866E-001 -4.392374E-001
      outer loop
         vertex -1.120719E+000 4.182581E+000 -2.500000E+000
         vertex -2.165064E+000 3.750000E+000 -2.500000E+000
         vertex -2.309699E+000 4.000516E+000 -1.913417E+000
      endloop
   endfacet
   facet normal -5.468937E-001 7.127256E-001 -4.392374E-001
      outer loop
         vertex -3.266407E+000 3.266407E+000 -1.913417E+000
         vertex -2.309699E+000 4.000516E+000 -1.913417E+000
         vertex -2.165064E+000 3.750000E+000 -2.500000E+000
      endloop
   endfacet
   facet normal -5.468937E-001 7.127256E-001 -4.392374E-001
      outer loop
         vertex -2.165064E+000 3.750000E+000 -2.500000E+000
         vertex -3.061862E+000 3.061862E+000 -2.500000E+000
         vertex -3.266407E+000 3.266407E+000 -1.913417E+000
      endloop
   endfacet
   facet normal -7.127256E-001 5.468937E-001 -4.392374E-001
      outer loop
         vertex -4.000516E+000 2.309699E+000 -1.913417E+000
         vertex -3.266407E+000 3.266407E+000 -1.913417E+000
         vertex -3.061862E+000 3.061862E+000 -2.500000E+000
      endloop
   endfacet
   facet normal -7.127256E-001 5.468937E-001 -4.392374E-001
      outer loop
         vertex -3.061862E+000 3.061862E+000 -2.500000E+000
         vertex -3.750000E+000 2.165064E+000 -2.500000E+000
         vertex -4.000516E+000 2.309699E+000 -1.913417E+000
      endloop
   endfacet
   facet normal -8.299866E-001 3.437917E-001 -4.392374E-001
      outer loop
         vertex -4.461996E+000 1.195588E+000 -1.913417E+000
         vertex -4.000516E+000 2.309699E+000 -1.913417E+000
         vertex -3.750000E+000 2.165064E+000 -2.500000E+000
      endloop
   endfacet
   facet normal -8.299866E-001 3.437917E-001 -4.392374E-001
      outer loop
         vertex -3.750000E+000 2.165064E+000 -2.500000E+000
         vertex -4.182581E+000 1.120719E+000 -2.500000E+000
         vertex -4.461996E+000 1.195588E+000 -1.913417E+000
      endloop
   endfacet
   facet normal -8.906853E-001 1.172609E-001 -4.392374E-001
      outer loop
         vertex -4.619398E+000 5.656944E-016 -1.913417E+000
         vertex -4.461996E+000 1.195588E+000 -1.913417E+000
         vertex -4.182581E+000 1.120719E+000 -2.500000E+000
      endloop
   endfacet
   facet normal -8.906853E-001 1.172609E-001 -4.392374E-001
      outer loop
         vertex -4.182581E+000 1.120719E+000 -2.500000E+000
         vertex -4.330127E+000 5.302701E-016 -2.500000E+000
         vertex -4.619398E+000 5.656944E-016 -1.913417E+000
      endloop
   endfacet
   facet normal -8.906853E-001 -1.172609E-001 -4.392374E-001
      outer loop
         vertex -4.461996E+000 -1.195588E+000 -1.913417E+000
         vertex -4.619398E+000 5.656944E-016 -1.913417E+000
         vertex -4.330127E+000 5.302701E-016 -2.500000E+000
      endloop
   endfacet
   facet normal -8.906853E-001 -1.172609E-001 -4.392374E-001
      outer loop
         vertex -4.330127E+000 5.302701E-016 -2.500000E+000
         vertex -4.182581E+000 -1.120719E+000 -2.500000E+000
         vertex -4.461996E+000 -1.195588E+000 -1.913417E+000
      endloop
   endfacet
   facet normal -8.299866E-001 -3.437917E-001 -4.392374E-001
      outer loop
         vertex -4.000516E+000 -2.309699E+000 -1.913417E+000
         vertex -4.461996E+000 -1.195588E+000 -1.913417E+000
         vertex -4.182581E+000 -1.120719E+000 -2.500000E+000
      endloop
   endfacet
   facet normal -8.299866E-001 -3.437917E-001 -4.392374E-001
      outer loop
         vertex -4.182581E+000 -1.120719E+000 -2.500000E+000
         vertex -3.750000E+000 -2.165064E+000 -2.500000E+000
         vertex -4.000516E+000 -2.309699E+000 -1.913417E+000
      endloop
   endfacet
   facet normal -7.127256E-001 -5.468937E-001 -4.392374E-001
      outer loop
         vertex -3.266407E+000 -3.266407E+000 -1.913417E+000
         vertex -4.000516E+000 -2.309699E+000 -1.913417E+000
         vertex -3.750000E+000 -2.165064E+000 -2.500000E+000
      endloop
   endfacet
   facet normal -7.127256E-001 -5.468937E-001 -4.392374E-001
      outer loop
         vertex -3.750000E+000 -2.165064E+000 -2.500000E+000
         vertex -3.061862E+000 -3.061862E+000 -2.500000E+000
         vertex -3.266407E+000 -3.266407E+000 -1.913417E+000
      endloop
   endfacet
   facet normal -5.468937E-001 -7.127256E-001 -4.392374E-001
      outer loop
         vertex -2.309699E+000 -4.000516E+000 -1.913417E+000
         vertex -3.266407E+000 -3.266407E+000 -1.913417E+000
         vertex -3.061862E+000 -3.061862E+000 -2.500000E+000
      endloop
   endfacet
   facet normal -5.468937E-001 -7.127256E-001 -4.392374E-001
      outer loop
         vertex -3.061862E+000 -3.061862E+000 -2.500000E+000
         vertex -2.165064E+000 -3.750000E+000 -2.500000E+000
         vertex -2.309699E+000 -4.000516E+000 -1.913417E+000
      endloop
   endfacet
   facet normal -3.437917E-001 -8.299866E-001 -4.392374E-001
      outer loop
         vertex -1.195588E+000 -4.461996E+000 -1.913417E+000
         vertex -2.309699E+000 -4.000516E+000 -1.913417E+000
         vertex -2.165064E+000 -3.750000E+000 -2.500000E+000
      endloop
   endfacet
   facet normal -3.437917E-001 -8.299866E-001 -4.392374E-001
      outer loop
         vertex -2.165064E+000 -3.750000E+000 -2.500000E+000
         vertex -1.120719E+000 -4.182581E+000 -2.500000E+000
         vertex -1.195588E+000 -4.461996E+000 -1.913417E+000
      endloop
   endfacet
   facet normal -1.172609E-001 -8.906853E-001 -4.392374E-001
      outer loop
         vertex -8.485416E-016 -4.619398E+000 -1.913417E+000
         vertex -1.195588E+000 -4.461996E+000 -1.913417E+000
         vertex -1.120719E+000 -4.182581E+000 -2.500000E+000
      endloop
   endfacet
   facet normal -1.172609E-001 -8.906853E-001 -4.392374E-001
      outer loop
         vertex -1.120719E+000 -4.182581E+000 -2.500000E+000
         vertex -7.954052E-016 -4.330127E+000 -2.500000E+000
         vertex -8.485416E-016 -4.619398E+000 -1.913417E+000
      endloop
   endfacet
   facet normal 1.172609E-001 -8.906853E-001 -4.392374E-001
      outer loop
         vertex 1.195588E+000 -4.461996E+000 -1.913417E+000
         vertex -8.485416E-016 -4.619398E+000 -1.913417E+000
         vertex -7.954052E-016 -4.330127E+000 -2.500000E+000
      endloop
   endfacet
   facet normal 1.172609E-001 -8.906853E-001 -4.392374E-001
      outer loop
         vertex -7.954052E-016 -4.330127E+000 -2.500000E+000
         vertex 1.120719E+000 -4.182581E+000 -2.500000E+000
         vertex 1.195588E+000 -4.461996E+000 -1.913417E+000
      endloop
   endfacet
   facet normal 3.437917E-001 -8.299866E-001 -4.392374E-001
      outer loop
         vertex 2.309699E+000 -4.000516E+000 -1.913417E+000
         vertex 1.195588E+000 -4.461996E+000 -1.913417E+000
         vertex 1.120719E+000 -4.182581E+000 -2.500000E+000
      endloop
   endfacet
   facet normal 3.437917E-001 -8.299866E-001 -4.392374E-001
      outer loop
         vertex 1.120719E+000 -4.182581E+000 -2.500000E+000
         vertex 2.165064E+000 -3.750000E+000 -2.500000E+000
         vertex 2.309699E+000 -4.000516E+000 -1.913417E+000
      endloop
   endfacet
   facet normal 5.468937E-001 -7.127256E-001 -4.392374E-001
      outer loop
         vertex 3.266407E+000 -3.266407E+000 -1.913417E+000
         vertex 2.309699E+000 -4.000516E+000 -1.913417E+000
         vertex 2.165064E+000 -3.750000E+000 -2.500000E+000
      endloop
   endfacet
   facet normal 5.468937E-001 -7.127256E-001 -4.392374E-001
      outer loop
         vertex 2.165064E+000 -3.750000E+000 -2.500000E+000
         vertex 3.061862E+000 -3.061862E+000 -2.500000E+000
         vertex 3.266407E+000 -3.266407E+000 -1.913417E+000
      endloop
   endfacet
   facet normal 7.127256E-001 -5.468937E-001 -4.392374E-001
      outer loop
         vertex 4.000516E+000 -2.309699E+000 -1.913417E+000
         vertex 3.266407E+000 -3.266407E+000 -1.913417E+000
         vertex 3.061862E+000 -3.061862E+000 -2.500000E+000
      endloop
   endfacet
   facet normal 7.127256E-001 -5.468937E-001 -4.392374E-001
      outer loop
         vertex 3.061862E+000 -3.061862E+000 -2.500000E+000
         vertex 3.750000E+000 -2.165064E+000 -2.500000E+000
         vertex 4.000516E+000 -2.309699E+000 -1.913417E+000
      endloop
   endfacet
   facet normal 8.299866E-001 -3.437917E-001 -4.392374E-001
      outer loop
         vertex 4.461996E+000 -1.195588E+000 -1.913417E+000
         vertex 4.000516E+000 -2.309699E+000 -1.913417E+000
         vertex 3.750000E+000 -2.165064E+000 -2.500000E+000
      endloop
   endfacet
   facet normal 8.299866E-001 -3.437917E-001 -4.392374E-001
      outer loop
         vertex 3.750000E+000 -2.165064E+000 -2.500000E+000
         vertex 4.182581E+000 -1.120719E+000 -2.500000E+000
         vertex 4.461996E+000 -1.195588E+000 -1.913417E+000
      endloop
   endfacet
   facet normal 8.906853E-001 -1.172609E-001 -4.392374E-001
      outer loop
         vertex 4.619398E+000 -1.131389E-015 -1.913417E+000
         vertex 4.461996E+000 -1.195588E+000 -1.913417E+000
         vertex 4.182581E+000 -1.120719E+000 -2.500000E+000
      endloop
   endfacet
   facet normal 8.906853E-001 -1.172609E-001 -4.392374E-001
      outer loop
         vertex 4.182581E+000 -1.120719E+000 -2.500000E+000
         vertex 4.330127E+000 -1.060540E-015 -2.500000E+000
         vertex 4.619398E+000 -1.131389E-015 -1.913417E+000
      endloop
   endfacet
   facet normal 9.396564E-001 1.237081E-001 -3.189704E-001
      outer loop
         vertex 4.665063E+000 1.250000E+000 -1.294095E+000
         vertex 4.829629E+000 0.000000E+000 -1.294095E+000
         vertex 4.619398E+000 0.000000E+000 -1.913417E+000
      endloop
   endfacet
   facet normal 9.396564E-001 1.237081E-001 -3.189704E-001
      outer loop
         vertex 4.619398E+000 0.000000E+000 -1.913417E+000
         vertex 4.461996E+000 1.195588E+000 -1.913417E+000
         vertex 4.665063E+000 1.250000E+000 -1.294095E+000
      endloop
   endfacet
   facet normal 8.756204E-001 3.626938E-001 -3.189704E-001
      outer loop
         vertex 4.182581E+000 2.414814E+000 -1.294095E+000
         vertex 4.665063E+000 1.250000E+000 -1.294095E+000
         vertex 4.461996E+000 1.195588E+000 -1.913417E+000
      endloop
   endfacet
   facet normal 8.756204E-001 3.626938E-001 -3.189704E-001
      outer loop
         vertex 4.461996E+000 1.195588E+000 -1.913417E+000
         vertex 4.000516E+000 2.309699E+000 -1.913417E+000
         vertex 4.182581E+000 2.414814E+000 -1.294095E+000
      endloop
   endfacet
   facet normal 7.519123E-001 5.769626E-001 -3.189704E-001
      outer loop
         vertex 3.415064E+000 3.415064E+000 -1.294095E+000
         vertex 4.182581E+000 2.414814E+000 -1.294095E+000
         vertex 4.000516E+000 2.309699E+000 -1.913417E+000
      endloop
   endfacet
   facet normal 7.519123E-001 5.769626E-001 -3.189704E-001
      outer loop
         vertex 4.000516E+000 2.309699E+000 -1.913417E+000
         vertex 3.266407E+000 3.266407E+000 -1.913417E+000
         vertex 3.415064E+000 3.415064E+000 -1.294095E+000
      endloop
   endfacet
   facet normal 5.769626E-001 7.519123E-001 -3.189704E-001
      outer loop
         vertex 2.414814E+000 4.182581E+000 -1.294095E+000
         vertex 3.415064E+000 3.415064E+000 -1.294095E+000
         vertex 3.266407E+000 3.266407E+000 -1.913417E+000
      endloop
   endfacet
   facet normal 5.769626E-001 7.519123E-001 -3.189704E-001
      outer loop
         vertex 3.266407E+000 3.266407E+000 -1.913417E+000
         vertex 2.309699E+000 4.000516E+000 -1.913417E+000
         vertex 2.414814E+000 4.182581E+000 -1.294095E+000
      endloop
   endfacet
   facet normal 3.626938E-001 8.756204E-001 -3.189704E-001
      outer loop
         vertex 1.250000E+000 4.665063E+000 -1.294095E+000
         vertex 2.414814E+000 4.182581E+000 -1.294095E+000
         vertex 2.309699E+000 4.000516E+000 -1.913417E+000
      endloop
   endfacet
   facet normal 3.626938E-001 8.756204E-001 -3.189704E-001
      outer loop
         vertex 2.309699E+000 4.000516E+000 -1.913417E+000
         vertex 1.195588E+000 4.461996E+000 -1.913417E+000
         vertex 1.250000E+000 4.665063E+000 -1.294095E+000
      endloop
   endfacet
   facet normal 1.237081E-001 9.396564E-001 -3.189704E-001
      outer loop
         vertex 2.957197E-016 4.829629E+000 -1.294095E+000
         vertex 1.250000E+000 4.665063E+000 -1.294095E+000
         vertex 1.195588E+000 4.461996E+000 -1.913417E+000
      endloop
   endfacet
   facet normal 1.237081E-001 9.396564E-001 -3.189704E-001
      outer loop
         vertex 1.195588E+000 4.461996E+000 -1.913417E+000
         vertex 2.828472E-016 4.619398E+000 -1.913417E+000
         vertex 2.957197E-016 4.829629E+000 -1.294095E+000
      endloop
   endfacet
   facet normal -1.237081E-001 9.396564E-001 -3.189704E-001
      outer loop
         vertex -1.250000E+000 4.665063E+000 -1.294095E+000
         vertex 2.957197E-016 4.829629E+000 -1.294095E+000
         vertex 2.828472E-016 4.619398E+000 -1.913417E+000
      endloop
   endfacet
   facet normal -1.237081E-001 9.396564E-001 -3.189704E-001
      outer loop
         vertex 2.828472E-016 4.619398E+000 -1.913417E+000
         vertex -1.195588E+000 4.461996E+000 -1.913417E+000
         vertex -1.250000E+000 4.665063E+000 -1.294095E+000
      endloop
   endfacet
   facet normal -3.626938E-001 8.756204E-001 -3.189704E-001
      outer loop
         vertex -2.414814E+000 4.182581E+000 -1.294095E+000
         vertex -1.250000E+000 4.665063E+000 -1.294095E+000
         vertex -1.195588E+000 4.461996E+000 -1.913417E+000
      endloop
   endfacet
   facet normal -3.626938E-001 8.756204E-001 -3.189704E-001
      outer loop
         vertex -1.195588E+000 4.461996E+000 -1.913417E+000
         vertex -2.309699E+000 4.000516E+000 -1.913417E+000
         vertex -2.414814E+000 4.182581E+000 -1.294095E+000
      endloop
   endfacet
   facet normal -5.769626E-001 7.519123E-001 -3.189704E-001
      outer loop
         vertex -3.415064E+000 3.415064E+000 -1.294095E+000
         vertex -2.414814E+000 4.182581E+000 -1.294095E+000
         vertex -2.309699E+000 4.000516E+000 -1.913417E+000
      endloop
   endfacet
   facet normal -5.769626E-001 7.519123E-001 -3.189704E-001
      outer loop
         vertex -2.309699E+000 4.000516E+000 -1.913417E+000
         vertex -3.266407E+000 3.266407E+000 -1.913417E+000
         vertex -3.415064E+000 3.415064E+000 -1.294095E+000
      endloop
   endfacet
   facet normal -7.519123E-001 5.769626E-001 -3.189704E-001
      outer loop
         vertex -4.182581E+000 2.414814E+000 -1.294095E+000
         vertex -3.415064E+000 3.415064E+000 -1.294095E+000
         vertex -3.266407E+000 3.266407E+000 -1.913417E+000
      endloop
   endfacet
   facet normal -7.519123E-001 5.769626E-001 -3.189704E-001
      outer loop
         vertex -3.266407E+000 3.266407E+000 -1.913417E+000
         vertex -4.000516E+000 2.309699E+000 -1.913417E+000
         vertex -4.182581E+000 2.414814E+000 -1.294095E+000
      endloop
   endfacet
   facet normal -8.756204E-001 3.626938E-001 -3.189704E-001
      outer loop
         vertex -4.665063E+000 1.250000E+000 -1.294095E+000
         vertex -4.182581E+000 2.414814E+000 -1.294095E+000
         vertex -4.000516E+000 2.309699E+000 -1.913417E+000
      endloop
   endfacet
   facet normal -8.756204E-001 3.626938E-001 -3.189704E-001
      outer loop
         vertex -4.000516E+000 2.309699E+000 -1.913417E+000
         vertex -4.461996E+000 1.195588E+000 -1.913417E+000
         vertex -4.665063E+000 1.250000E+000 -1.294095E+000
      endloop
   endfacet
   facet normal -9.396564E-001 1.237081E-001 -3.189704E-001
      outer loop
         vertex -4.829629E+000 5.914394E-016 -1.294095E+000
         vertex -4.665063E+000 1.250000E+000 -1.294095E+000
         vertex -4.461996E+000 1.195588E+000 -1.913417E+000
      endloop
   endfacet
   facet normal -9.396564E-001 1.237081E-001 -3.189704E-001
      outer loop
         vertex -4.461996E+000 1.195588E+000 -1.913417E+000
         vertex -4.619398E+000 5.656944E-016 -1.913417E+000
         vertex -4.829629E+000 5.914394E-016 -1.294095E+000
      endloop
   endfacet
   facet normal -9.396564E-001 -1.237081E-001 -3.189704E-001
      outer loop
         vertex -4.665063E+000 -1.250000E+000 -1.294095E+000
         vertex -4.829629E+000 5.914394E-016 -1.294095E+000
         vertex -4.619398E+000 5.656944E-016 -1.913417E+000
      endloop
   endfacet
   facet normal -9.396564E-001 -1.237081E-001 -3.189704E-001
      outer loop
         vertex -4.619398E+000 5.656944E-016 -1.913417E+000
         vertex -4.461996E+000 -1.195588E+000 -1.913417E+000
         vertex -4.665063E+000 -1.250000E+000 -1.294095E+000
      endloop
   endfacet
   facet normal -8.756204E-001 -3.626938E-001 -3.189704E-001
      outer loop
         vertex -4.182581E+000 -2.414814E+000 -1.294095E+000
         vertex -4.665063E+000 -1.250000E+000 -1.294095E+000
         vertex -4.461996E+000 -1.195588E+000 -1.913417E+000
      endloop
   endfacet
   facet normal -8.756204E-001 -3.626938E-001 -3.189704E-001
      outer loop
         vertex -4.461996E+000 -1.195588E+000 -1.913417E+000
         vertex -4.000516E+000 -2.309699E+000 -1.913417E+000
         vertex -4.182581E+000 -2.414814E+000 -1.294095E+000
      endloop
   endfacet
   facet normal -7.519123E-001 -5.769626E-001 -3.189704E-001
      outer loop
         vertex -3.415064E+000 -3.415064E+000 -1.294095E+000
         vertex -4.182581E+000 -2.414814E+000 -1.294095E+000
         vertex -4.000516E+000 -2.309699E+000 -1.913417E+000
      endloop
   endfacet
   facet normal -7.519123E-001 -5.769626E-001 -3.189704E-001
      outer loop
         vertex -4.000516E+000 -2.309699E+000 -1.913417E+000
         vertex -3.266407E+000 -3.266407E+000 -1.913417E+000
         vertex -3.415064E+000 -3.415064E+000 -1.294095E+000
      endloop
   endfacet
   facet normal -5.769626E-001 -7.519123E-001 -3.189704E-001
      outer loop
         vertex -2.414814E+000 -4.182581E+000 -1.294095E+000
         vertex -3.415064E+000 -3.415064E+000 -1.294095E+000
         vertex -3.266407E+000 -3.266407E+000 -1.913417E+000
      endloop
   endfacet
   facet normal -5.769626E-001 -7.519123E-001 -3.189704E-001
      outer loop
         vertex -3.266407E+000 -3.266407E+000 -1.913417E+000
         vertex -2.309699E+000 -4.000516E+000 -1.913417E+000
         vertex -2.414814E+000 -4.182581E+000 -1.294095E+000
      endloop
   endfacet
   facet normal -3.626938E-001 -8.756204E-001 -3.189704E-001
      outer loop
         vertex -1.250000E+000 -4.665063E+000 -1.294095E+000
         vertex -2.414814E+000 -4.182581E+000 -1.294095E+000
         vertex -2.309699E+000 -4.000516E+000 -1.913417E+000
      endloop
   endfacet
   facet normal -3.626938E-001 -8.756204E-001 -3.189704E-001
      outer loop
         vertex -2.309699E+000 -4.000516E+000 -1.913417E+000
         vertex -1.195588E+000 -4.461996E+000 -1.913417E+000
         vertex -1.250000E+000 -4.665063E+000 -1.294095E+000
      endloop
   endfacet
   facet normal -1.237081E-001 -9.396564E-001 -3.189704E-001
      outer loop
         vertex -8.871592E-016 -4.829629E+000 -1.294095E+000
         vertex -1.250000E+000 -4.665063E+000 -1.294095E+000
         vertex -1.195588E+000 -4.461996E+000 -1.913417E+000
      endloop
   endfacet
   facet normal -1.237081E-001 -9.396564E-001 -3.189704E-001
      outer loop
         vertex -1.195588E+000 -4.461996E+000 -1.913417E+000
         vertex -8.485416E-016 -4.619398E+000 -1.913417E+000
         vertex -8.871592E-016 -4.829629E+000 -1.294095E+000
      endloop
   endfacet
   facet normal 1.237081E-001 -9.396564E-001 -3.189704E-001
      outer loop
         vertex 1.250000E+000 -4.665063E+000 -1.294095E+000
         vertex -8.871592E-016 -4.829629E+000 -1.294095E+000
         vertex -8.485416E-016 -4.619398E+000 -1.913417E+000
      endloop
   endfacet
   facet normal 1.237081E-001 -9.396564E-001 -3.189704E-001
      outer loop
         vertex -8.485416E-016 -4.619398E+000 -1.913417E+000
         vertex 1.195588E+000 -4.461996E+000 -1.913417E+000
         vertex 1.250000E+000 -4.665063E+000 -1.294095E+000
      endloop
   endfacet
   facet normal 3.626938E-001 -8.756204E-001 -3.189704E-001
      outer loop
         vertex 2.414814E+000 -4.182581E+000 -1.294095E+000
         vertex 1.250000E+000 -4.665063E+000 -1.294095E+000
         vertex 1.195588E+000 -4.461996E+000 -1.913417E+000
      endloop
   endfacet
   facet normal 3.626938E-001 -8.756204E-001 -3.189704E-001
      outer loop
         vertex 1.195588E+000 -4.461996E+000 -1.913417E+000
         vertex 2.309699E+000 -4.000516E+000 -1.913417E+000
         vertex 2.414814E+000 -4.182581E+000 -1.294095E+000
      endloop
   endfacet
   facet normal 5.769626E-001 -7.519123E-001 -3.189704E-001
      outer loop
         vertex 3.415064E+000 -3.415064E+000 -1.294095E+000
         vertex 2.414814E+000 -4.182581E+000 -1.294095E+000
         vertex 2.309699E+000 -4.000516E+000 -1.913417E+000
      endloop
   endfacet
   facet normal 5.769626E-001 -7.519123E-001 -3.189704E-001
      outer loop
         vertex 2.309699E+000 -4.000516E+000 -1.913417E+000
         vertex 3.266407E+000 -3.266407E+000 -1.913417E+000
         vertex 3.415064E+000 -3.415064E+000 -1.294095E+000
      endloop
   endfacet
   facet normal 7.519123E-001 -5.769626E-001 -3.189704E-001
      outer loop
         vertex 4.182581E+000 -2.414814E+000 -1.294095E+000
         vertex 3.415064E+000 -3.415064E+000 -1.294095E+000
         vertex 3.266407E+000 -3.266407E+000 -1.913417E+000
      endloop
   endfacet
   facet normal 7.519123E-001 -5.769626E-001 -3.189704E-001
      outer loop
         vertex 3.266407E+000 -3.266407E+000 -1.913417E+000
         vertex 4.000516E+000 -2.309699E+000 -1.913417E+000
         vertex 4.182581E+000 -2.414814E+000 -1.294095E+000
      endloop
   endfacet
   facet normal 8.756204E-001 -3.626938E-001 -3.189704E-001
      outer loop
         vertex 4.665063E+000 -1.250000E+000 -1.294095E+000
         vertex 4.182581E+000 -2.414814E+000 -1.294095E+000
         vertex 4.000516E+000 -2.309699E+000 -1.913417E+000
      endloop
   endfacet
   facet normal 8.756204E-001 -3.626938E-001 -3.189704E-001
      outer loop
         vertex 4.000516E+000 -2.309699E+000 -1.913417E+000
         vertex 4.461996E+000 -1.195588E+000 -1.913417E+000
         vertex 4.665063E+000 -1.250000E+000 -1.294095E+000
      endloop
   endfacet
   facet normal 9.396564E-001 -1.237081E-001 -3.189704E-001
      outer loop
         vertex 4.829629E+000 -1.182879E-015 -1.294095E+000
         vertex 4.665063E+000 -1.250000E+000 -1.294095E+000
         vertex 4.461996E+000 -1.195588E+000 -1.913417E+000
      endloop
   endfacet
   facet normal 9.396564E-001 -1.237081E-001 -3.189704E-001
      outer loop
         vertex 4.461996E+000 -1.195588E+000 -1.913417E+000
         vertex 4.619398E+000 -1.131389E-015 -1.913417E+000
         vertex 4.829629E+000 -1.182879E-015 -1.294095E+000
      endloop
   endfacet
   facet normal 9.727100E-001 1.280597E-001 -1.934840E-001
      outer loop
         vertex 4.788311E+000 1.283024E+000 -6.526310E-001
         vertex 4.957224E+000 0.000000E+000 -6.526310E-001
         vertex 4.829629E+000 0.000000E+000 -1.294095E+000
      endloop
   endfacet
   facet normal 9.727100E-001 1.280597E-001 -1.934840E-001
      outer loop
         vertex 4.829629E+000 0.000000E+000 -1.294095E+000
         vertex 4.665063E+000 1.250000E+000 -1.294095E+000
         vertex 4.788311E+000 1.283024E+000 -6.526310E-001
      endloop
   endfacet
   facet normal 9.064214E-001 3.754520E-001 -1.934840E-001
      outer loop
         vertex 4.293082E+000 2.478612E+000 -6.526310E-001
         vertex 4.788311E+000 1.283024E+000 -6.526310E-001
         vertex 4.665063E+000 1.250000E+000 -1.294095E+000
      endloop
   endfacet
   facet normal 9.064214E-001 3.754520E-001 -1.934840E-001
      outer loop
         vertex 4.665063E+000 1.250000E+000 -1.294095E+000
         vertex 4.182581E+000 2.414814E+000 -1.294095E+000
         vertex 4.293082E+000 2.478612E+000 -6.526310E-001
      endloop
   endfacet
   facet normal 7.783617E-001 5.972579E-001 -1.934840E-001
      outer loop
         vertex 3.505287E+000 3.505287E+000 -6.526310E-001
         vertex 4.293082E+000 2.478612E+000 -6.526310E-001
         vertex 4.182581E+000 2.414814E+000 -1.294095E+000
      endloop
   endfacet
   facet normal 7.783617E-001 5.972579E-001 -1.934840E-001
      outer loop
         vertex 4.182581E+000 2.414814E+000 -1.294095E+000
         vertex 3.415064E+000 3.415064E+000 -1.294095E+000
         vertex 3.505287E+000 3.505287E+000 -6.526310E-001
      endloop
   endfacet
   facet normal 5.972579E-001 7.783617E-001 -1.934840E-001
      outer loop
         vertex 2.478612E+000 4.293082E+000 -6.526310E-001
         vertex 3.505287E+000 3.505287E+000 -6.526310E-001
         vertex 3.415064E+000 3.415064E+000 -1.294095E+000
      endloop
   endfacet
   facet normal 5.972579E-001 7.783617E-001 -1.934840E-001
      outer loop
         vertex 3.415064E+000 3.415064E+000 -1.294095E+000
         vertex 2.414814E+000 4.182581E+000 -1.294095E+000
         vertex 2.478612E+000 4.293082E+000 -6.526310E-001
      endloop
   endfacet
   facet normal 3.754520E-001 9.064214E-001 -1.934840E-001
      outer loop
         vertex 1.283024E+000 4.788311E+000 -6.526310E-001
         vertex 2.478612E+000 4.293082E+000 -6.526310E-001
         vertex 2.414814E+000 4.182581E+000 -1.294095E+000
      endloop
   endfacet
   facet normal 3.754520E-001 9.064214E-001 -1.934840E-001
      outer loop
         vertex 2.414814E+000 4.182581E+000 -1.294095E+000
         vertex 1.250000E+000 4.665063E+000 -1.294095E+000
         vertex 1.283024E+000 4.788311E+000 -6.526310E-001
      endloop
   endfacet
   facet normal 1.280597E-001 9.727100E-001 -1.934840E-001
      outer loop
         vertex 3.035324E-016 4.957224E+000 -6.526310E-001
         vertex 1.283024E+000 4.788311E+000 -6.526310E-001
         vertex 1.250000E+000 4.665063E+000 -1.294095E+000
      endloop
   endfacet
   facet normal 1.280597E-001 9.727100E-001 -1.934840E-001
      outer loop
         vertex 1.250000E+000 4.665063E+000 -1.294095E+000
         vertex 2.957197E-016 4.829629E+000 -1.294095E+000
         vertex 3.035324E-016 4.957224E+000 -6.526310E-001
      endloop
   endfacet
   facet normal -1.280597E-001 9.727100E-001 -1.934840E-001
      outer loop
         vertex -1.283024E+000 4.788311E+000 -6.526310E-001
         vertex 3.035324E-016 4.957224E+000 -6.526310E-001
         vertex 2.957197E-016 4.829629E+000 -1.294095E+000
      endloop
   endfacet
   facet normal -1.280597E-001 9.727100E-001 -1.934840E-001
      outer loop
         vertex 2.957197E-016 4.829629E+000 -1.294095E+000
         vertex -1.250000E+000 4.665063E+000 -1.294095E+000
         vertex -1.283024E+000 4.788311E+000 -6.526310E-001
      endloop
   endfacet
   facet normal -3.754520E-001 9.064214E-001 -1.934840E-001
      outer loop
         vertex -2.478612E+000 4.293082E+000 -6.526310E-001
         vertex -1.283024E+000 4.788311E+000 -6.526310E-001
         vertex -1.250000E+000 4.665063E+000 -1.294095E+000
      endloop
   endfacet
   facet normal -3.754520E-001 9.064214E-001 -1.934840E-001
      outer loop
         vertex -1.250000E+000 4.665063E+000 -1.294095E+000
         vertex -2.414814E+000 4.182581E+000 -1.294095E+000
         vertex -2.478612E+000 4.293082E+000 -6.526310E-001
      endloop
   endfacet
   facet normal -5.972579E-001 7.783617E-001 -1.934840E-001
      outer loop
         vertex -3.505287E+000 3.505287E+000 -6.526310E-001
         vertex -2.478612E+000 4.293082E+000 -6.526310E-001
         vertex -2.414814E+000 4.182581E+000 -1.294095E+000
      endloop
   endfacet
   facet normal -5.972579E-001 7.783617E-001 -1.934840E-001
      outer loop
         vertex -2.414814E+000 4.182581E+000 -1.294095E+000
         vertex -3.415064E+000 3.415064E+000 -1.294095E+000
         vertex -3.505287E+000 3.505287E+000 -6.526310E-001
      endloop
   endfacet
   facet normal -7.783617E-001 5.972579E-001 -1.934840E-001
      outer loop
         vertex -4.293082E+000 2.478612E+000 -6.526310E-001
         vertex -3.505287E+000 3.505287E+000 -6.526310E-001
         vertex -3.415064E+000 3.415064E+000 -1.294095E+000
      endloop
   endfacet
   facet normal -7.783617E-001 5.972579E-001 -1.934840E-001
      outer loop
         vertex -3.415064E+000 3.415064E+000 -1.294095E+000
         vertex -4.182581E+000 2.414814E+000 -1.294095E+000
         vertex -4.293082E+000 2.478612E+000 -6.526310E-001
      endloop
   endfacet
   facet normal -9.064214E-001 3.754520E-001 -1.934840E-001
      outer loop
         vertex -4.788311E+000 1.283024E+000 -6.526310E-001
         vertex -4.293082E+000 2.478612E+000 -6.526310E-001
         vertex -4.182581E+000 2.414814E+000 -1.294095E+000
      endloop
   endfacet
   facet normal -9.064214E-001 3.754520E-001 -1.934840E-001
      outer loop
         vertex -4.182581E+000 2.414814E+000 -1.294095E+000
         vertex -4.665063E+000 1.250000E+000 -1.294095E+000
         vertex -4.788311E+000 1.283024E+000 -6.526310E-001
      endloop
   endfacet
   facet normal -9.727100E-001 1.280597E-001 -1.934840E-001
      outer loop
         vertex -4.957224E+000 6.070649E-016 -6.526310E-001
         vertex -4.788311E+000 1.283024E+000 -6.526310E-001
         vertex -4.665063E+000 1.250000E+000 -1.294095E+000
      endloop
   endfacet
   facet normal -9.727100E-001 1.280597E-001 -1.934840E-001
      outer loop
         vertex -4.665063E+000 1.250000E+000 -1.294095E+000
         vertex -4.829629E+000 5.914394E-016 -1.294095E+000
         vertex -4.957224E+000 6.070649E-016 -6.526310E-001
      endloop
   endfacet
   facet normal -9.727100E-001 -1.280597E-001 -1.934840E-001
      outer loop
         vertex -4.788311E+000 -1.283024E+000 -6.526310E-001
         vertex -4.957224E+000 6.070649E-016 -6.526310E-001
         vertex -4.829629E+000 5.914394E-016 -1.294095E+000
      endloop
   endfacet
   facet normal -9.727100E-001 -1.280597E-001 -1.934840E-001
      outer loop
         vertex -4.829629E+000 5.914394E-016 -1.294095E+000
         vertex -4.665063E+000 -1.250000E+000 -1.294095E+000
         vertex -4.788311E+000 -1.283024E+000 -6.526310E-001
      endloop
   endfacet
   facet normal -9.064214E-001 -3.754520E-001 -1.934840E-001
      outer loop
         vertex -4.293082E+000 -2.478612E+000 -6.526310E-001
         vertex -4.788311E+000 -1.283024E+000 -6.526310E-001
         vertex -4.665063E+000 -1.250000E+000 -1.294095E+000
      endloop
   endfacet
   facet normal -9.064214E-001 -3.754520E-001 -1.934840E-001
      outer loop
         vertex -4.665063E+000 -1.250000E+000 -1.294095E+000
         vertex -4.182581E+000 -2.414814E+000 -1.294095E+000
         vertex -4.293082E+000 -2.478612E+000 -6.526310E-001
      endloop
   endfacet
   facet normal -7.783617E-001 -5.972579E-001 -1.934840E-001
      outer loop
         vertex -3.505287E+000 -3.505287E+000 -6.526310E-001
         vertex -4.293082E+000 -2.478612E+000 -6.526310E-001
         vertex -4.182581E+000 -2.414814E+000 -1.294095E+000
      endloop
   endfacet
   facet normal -7.783617E-001 -5.972579E-001 -1.934840E-001
      outer loop
         vertex -4.182581E+000 -2.414814E+000 -1.294095E+000
         vertex -3.415064E+000 -3.415064E+000 -1.294095E+000
         vertex -3.505287E+000 -3.505287E+000 -6.526310E-001
      endloop
   endfacet
   facet normal -5.972579E-001 -7.783617E-001 -1.934840E-001
      outer loop
         vertex -2.478612E+000 -4.293082E+000 -6.526310E-001
         vertex -3.505287E+000 -3.505287E+000 -6.526310E-001
         vertex -3.415064E+000 -3.415064E+000 -1.294095E+000
      endloop
   endfacet
   facet normal -5.972579E-001 -7.783617E-001 -1.934840E-001
      outer loop
         vertex -3.415064E+000 -3.415064E+000 -1.294095E+000
         vertex -2.414814E+000 -4.182581E+000 -1.294095E+000
         vertex -2.478612E+000 -4.293082E+000 -6.526310E-001
      endloop
   endfacet
   facet normal -3.754520E-001 -9.064214E-001 -1.934840E-001
      outer loop
         vertex -1.283024E+000 -4.788311E+000 -6.526310E-001
         vertex -2.478612E+000 -4.293082E+000 -6.526310E-001
         vertex -2.414814E+000 -4.182581E+000 -1.294095E+000
      endloop
   endfacet
   facet normal -3.754520E-001 -9.064214E-001 -1.934840E-001
      outer loop
         vertex -2.414814E+000 -4.182581E+000 -1.294095E+000
         vertex -1.250000E+000 -4.665063E+000 -1.294095E+000
         vertex -1.283024E+000 -4.788311E+000 -6.526310E-001
      endloop
   endfacet
   facet normal -1.280597E-001 -9.727100E-001 -1.934840E-001
      outer loop
         vertex -9.105973E-016 -4.957224E+000 -6.526310E-001
         vertex -1.283024E+000 -4.788311E+000 -6.526310E-001
         vertex -1.250000E+000 -4.665063E+000 -1.294095E+000
      endloop
   endfacet
   facet normal -1.280597E-001 -9.727100E-001 -1.934840E-001
      outer loop
         vertex -1.250000E+000 -4.665063E+000 -1.294095E+000
         vertex -8.871592E-016 -4.829629E+000 -1.294095E+000
         vertex -9.105973E-016 -4.957224E+000 -6.526310E-001
      endloop
   endfacet
   facet normal 1.280597E-001 -9.727100E-001 -1.934840E-001
      outer loop
         vertex 1.283024E+000 -4.788311E+000 -6.526310E-001
         vertex -9.105973E-016 -4.957224E+000 -6.526310E-001
         vertex -8.871592E-016 -4.829629E+000 -1.294095E+000
      endloop
   endfacet
   facet normal 1.280597E-001 -9.727100E-001 -1.934840E-001
      outer loop
         vertex -8.871592E-016 -4.829629E+000 -1.294095E+000
         vertex 1.250000E+000 -4.665063E+000 -1.294095E+000
         vertex 1.283024E+000 -4.788311E+000 -6.526310E-001
      endloop
   endfacet
   facet normal 3.754520E-001 -9.064214E-001 -1.934840E-001
      outer loop
         vertex 2.478612E+000 -4.293082E+000 -6.526310E-001
         vertex 1.283024E+000 -4.788311E+000 -6.526310E-001
         vertex 1.250000E+000 -4.665063E+000 -1.294095E+000
      endloop
   endfacet
   facet normal 3.754520E-001 -9.064214E-001 -1.934840E-001
      outer loop
         vertex 1.250000E+000 -4.665063E+000 -1.294095E+000
         vertex 2.414814E+000 -4.182581E+000 -1.294095E+000
         vertex 2.478612E+000 -4.293082E+000 -6.526310E-001
      endloop
   endfacet
   facet normal 5.972579E-001 -7.783617E-001 -1.934840E-001
      outer loop
         vertex 3.505287E+000 -3.505287E+000 -6.526310E-001
         vertex 2.478612E+000 -4.293082E+000 -6.526310E-001
         vertex 2.414814E+000 -4.182581E+000 -1.294095E+000
      endloop
   endfacet
   facet normal 5.972579E-001 -7.783617E-001 -1.934840E-001
      outer loop
         vertex 2.414814E+000 -4.182581E+000 -1.294095E+000
         vertex 3.415064E+000 -3.415064E+000 -1.294095E+000
         vertex 3.505287E+000 -3.505287E+000 -6.526310E-001
      endloop
   endfacet
   facet normal 7.783617E-001 -5.972579E-001 -1.934840E-001
      outer loop
         vertex 4.293082E+000 -2.478612E+000 -6.526310E-001
         vertex 3.505287E+000 -3.505287E+000 -6.526310E-001
         vertex 3.415064E+000 -3.415064E+000 -1.294095E+000
      endloop
   endfacet
   facet normal 7.783617E-001 -5.972579E-001 -1.934840E-001
      outer loop
         vertex 3.415064E+000 -3.415064E+000 -1.294095E+000
         vertex 4.182581E+000 -2.414814E+000 -1.294095E+000
         vertex 4.293082E+000 -2.478612E+000 -6.526310E-001
      endloop
   endfacet
   facet normal 9.064214E-001 -3.754520E-001 -1.934840E-001
      outer loop
         vertex 4.788311E+000 -1.283024E+000 -6.526310E-001
         vertex 4.293082E+000 -2.478612E+000 -6.526310E-001
         vertex 4.182581E+000 -2.414814E+000 -1.294095E+000
      endloop
   endfacet
   facet normal 9.064214E-001 -3.754520E-001 -1.934840E-001
      outer loop
         vertex 4.182581E+000 -2.414814E+000 -1.294095E+000
         vertex 4.665063E+000 -1.250000E+000 -1.294095E+000
         vertex 4.788311E+000 -1.283024E+000 -6.526310E-001
      endloop
   endfacet
   facet normal 9.727100E-001 -1.280597E-001 -1.934840E-001
      outer loop
         vertex 4.957224E+000 -1.214130E-015 -6.526310E-001
         vertex 4.788311E+000 -1.283024E+000 -6.526310E-001
         vertex 4.665063E+000 -1.250000E+000 -1.294095E+000
      endloop
   endfacet
   facet normal 9.727100E-001 -1.280597E-001 -1.934840E-001
      outer loop
         vertex 4.665063E+000 -1.250000E+000 -1.294095E+000
         vertex 4.829629E+000 -1.182879E-015 -1.294095E+000
         vertex 4.957224E+000 -1.214130E-015 -6.526310E-001
      endloop
   endfacet
   facet normal 9.893581E-001 1.302515E-001 -6.484596E-002
      outer loop
         vertex 4.829629E+000 1.294095E+000 0.000000E+000
         vertex 5.000000E+000 0.000000E+000 0.000000E+000
         vertex 4.957224E+000 0.000000E+000 -6.526310E-001
      endloop
   endfacet
   facet normal 9.893581E-001 1.302515E-001 -6.484596E-002
      outer loop
         vertex 4.957224E+000 0.000000E+000 -6.526310E-001
         vertex 4.788311E+000 1.283024E+000 -6.526310E-001
         vertex 4.829629E+000 1.294095E+000 0.000000E+000
      endloop
   endfacet
   facet normal 9.219350E-001 3.818780E-001 -6.484596E-002
      outer loop
         vertex 4.330127E+000 2.500000E+000 0.000000E+000
         vertex 4.829629E+000 1.294095E+000 0.000000E+000
         vertex 4.788311E+000 1.283024E+000 -6.526310E-001
      endloop
   endfacet
   facet normal 9.219350E-001 3.818780E-001 -6.484596E-002
      outer loop
         vertex 4.788311E+000 1.283024E+000 -6.526310E-001
         vertex 4.293082E+000 2.478612E+000 -6.526310E-001
         vertex 4.330127E+000 2.500000E+000 0.000000E+000
      endloop
   endfacet
   facet normal 7.916836E-001 6.074802E-001 -6.484596E-002
      outer loop
         vertex 3.535534E+000 3.535534E+000 0.000000E+000
         vertex 4.330127E+000 2.500000E+000 0.000000E+000
         vertex 4.293082E+000 2.478612E+000 -6.526310E-001
      endloop
   endfacet
   facet normal 7.916836E-001 6.074802E-001 -6.484596E-002
      outer loop
         vertex 4.293082E+000 2.478612E+000 -6.526310E-001
         vertex 3.505287E+000 3.505287E+000 -6.526310E-001
         vertex 3.535534E+000 3.535534E+000 0.000000E+000
      endloop
   endfacet
   facet normal 6.074802E-001 7.916836E-001 -6.484596E-002
      outer loop
         vertex 2.500000E+000 4.330127E+000 0.000000E+000
         vertex 3.535534E+000 3.535534E+000 0.000000E+000
         vertex 3.505287E+000 3.505287E+000 -6.526310E-001
      endloop
   endfacet
   facet normal 6.074802E-001 7.916836E-001 -6.484596E-002
      outer loop
         vertex 3.505287E+000 3.505287E+000 -6.526310E-001
         vertex 2.478612E+000 4.293082E+000 -6.526310E-001
         vertex 2.500000E+000 4.330127E+000 0.000000E+000
      endloop
   endfacet
   facet normal 3.818780E-001 9.219350E-001 -6.484596E-002
      outer loop
         vertex 1.294095E+000 4.829629E+000 0.000000E+000
         vertex 2.500000E+000 4.330127E+000 0.000000E+000
         vertex 2.478612E+000 4.293082E+000 -6.526310E-001
      endloop
   endfacet
   facet normal 3.818780E-001 9.219350E-001 -6.484596E-002
      outer loop
         vertex 2.478612E+000 4.293082E+000 -6.526310E-001
         vertex 1.283024E+000 4.788311E+000 -6.526310E-001
         vertex 1.294095E+000 4.829629E+000 0.000000E+000
      endloop
   endfacet
   facet normal 1.302515E-001 9.893581E-001 -6.484596E-002
      outer loop
         vertex 3.061516E-016 5.000000E+000 0.000000E+000
         vertex 1.294095E+000 4.829629E+000 0.000000E+000
         vertex 1.283024E+000 4.788311E+000 -6.526310E-001
      endloop
   endfacet
   facet normal 1.302515E-001 9.893581E-001 -6.484596E-002
      outer loop
         vertex 1.283024E+000 4.788311E+000 -6.526310E-001
         vertex 3.035324E-016 4.957224E+000 -6.526310E-001
         vertex 3.061516E-016 5.000000E+000 0.000000E+000
      endloop
   endfacet
   facet normal -1.302515E-001 9.893581E-001 -6.484596E-002
      outer loop
         vertex -1.294095E+000 4.829629E+000 0.000000E+000
         vertex 3.061516E-016 5.000000E+000 0.000000E+000
         vertex 3.035324E-016 4.957224E+000 -6.526310E-001
      endloop
   endfacet
   facet normal -1.302515E-001 9.893581E-001 -6.484596E-002
      outer loop
         vertex 3.035324E-016 4.957224E+000 -6.526310E-001
         vertex -1.283024E+000 4.788311E+000 -6.526310E-001
         vertex -1.294095E+000 4.829629E+000 0.000000E+000
      endloop
   endfacet
   facet normal -3.818780E-001 9.219350E-001 -6.484596E-002
      outer loop
         vertex -2.500000E+000 4.330127E+000 0.000000E+000
         vertex -1.294095E+000 4.829629E+000 0.000000E+000
         vertex -1.283024E+000 4.788311E+000 -6.526310E-001
      endloop
   endfacet
   facet normal -3.818780E-001 9.219350E-001 -6.484596E-002
      outer loop
         vertex -1.283024E+000 4.788311E+000 -6.526310E-001
         vertex -2.478612E+000 4.293082E+000 -6.526310E-001
         vertex -2.500000E+000 4.330127E+000 0.000000E+000
      endloop
   endfacet
   facet normal -6.074802E-001 7.916836E-001 -6.484596E-002
      outer loop
         vertex -3.535534E+000 3.535534E+000 0.000000E+000
         vertex -2.500000E+000 4.330127E+000 0.000000E+000
         vertex -2.478612E+000 4.293082E+000 -6.526310E-001
      endloop
   endfacet
   facet normal -6.074802E-001 7.916836E-001 -6.484596E-002
      outer loop
         vertex -2.478612E+000 4.293082E+000 -6.526310E-001
         vertex -3.505287E+000 3.505287E+000 -6.526310E-001
         vertex -3.535534E+000 3.535534E+000 0.000000E+000
      endloop
   endfacet
   facet normal -7.916836E-001 6.074802E-001 -6.484596E-002
      outer loop
         vertex -4.330127E+000 2.500000E+000 0.000000E+000
         vertex -3.535534E+000 3.535534E+000 0.000000E+000
         vertex -3.505287E+000 3.505287E+000 -6.526310E-001
      endloop
   endfacet
   facet normal -7.916836E-001 6.074802E-001 -6.484596E-002
      outer loop
         vertex -3.505287E+000 3.505287E+000 -6.526310E-001
         vertex -4.293082E+000 2.478612E+000 -6.526310E-001
         vertex -4.330127E+000 2.500000E+000 0.000000E+000
      endloop
   endfacet
   facet normal -9.219350E-001 3.818780E-001 -6.484596E-002
      outer loop
         vertex -4.829629E+000 1.294095E+000 0.000000E+000
         vertex -4.330127E+000 2.500000E+000 0.000000E+000
         vertex -4.293082E+000 2.478612E+000 -6.526310E-001
      endloop
   endfacet
   facet normal -9.219350E-001 3.818780E-001 -6.484596E-002
      outer loop
         vertex -4.293082E+000 2.478612E+000 -6.526310E-001
         vertex -4.788311E+000 1.283024E+000 -6.526310E-001
         vertex -4.829629E+000 1.294095E+000 0.000000E+000
      endloop
   endfacet
   facet normal -9.893581E-001 1.302515E-001 -6.484596E-002
      outer loop
         vertex -5.000000E+000 6.123032E-016 0.000000E+000
         vertex -4.829629E+000 1.294095E+000 0.000000E+000
         vertex -4.788311E+000 1.283024E+000 -6.526310E-001
      endloop
   endfacet
   facet normal -9.893581E-001 1.302515E-001 -6.484596E-002
      outer loop
         vertex -4.788311E+000 1.283024E+000 -6.526310E-001
         vertex -4.957224E+000 6.070649E-016 -6.526310E-001
         vertex -5.000000E+000 6.123032E-016 0.000000E+000
      endloop
   endfacet
   facet normal -9.893581E-001 -1.302515E-001 -6.484596E-002
      outer loop
         vertex -4.829629E+000 -1.294095E+000 0.000000E+000
         vertex -5.000000E+000 6.123032E-016 0.000000E+000
         vertex -4.957224E+000 6.070649E-016 -6.526310E-001
      endloop
   endfacet
   facet normal -9.893581E-001 -1.302515E-001 -6.484596E-002
      outer loop
         vertex -4.957224E+000 6.070649E-016 -6.526310E-001
         vertex -4.788311E+000 -1.283024E+000 -6.526310E-001
         vertex -4.829629E+000 -1.294095E+000 0.000000E+000
      endloop
   endfacet
   facet normal -9.219350E-001 -3.818780E-001 -6.484596E-002
      outer loop
         vertex -4.330127E+000 -2.500000E+000 0.000000E+000
         vertex -4.829629E+000 -1.294095E+000 0.000000E+000
         vertex -4.788311E+000 -1.283024E+000 -6.526310E-001
      endloop
   endfacet
   facet normal -9.219350E-001 -3.818780E-001 -6.484596E-002
      outer loop
         vertex -4.788311E+000 -1.283024E+000 -6.526310E-001
         vertex -4.293082E+000 -2.478612E+000 -6.526310E-001
         vertex -4.330127E+000 -2.500000E+000 0.000000E+000
      endloop
   endfacet
   facet normal -7.916836E-001 -6.074802E-001 -6.484596E-002
      outer loop
         vertex -3.535534E+000 -3.535534E+000 0.000000E+000
         vertex -4.330127E+000 -2.500000E+000 0.000000E+000
         vertex -4.293082E+000 -2.478612E+000 -6.526310E-001
      endloop
   endfacet
   facet normal -7.916836E-001 -6.074802E-001 -6.484596E-002
      outer loop
         vertex -4.293082E+000 -2.478612E+000 -6.526310E-001
         vertex -3.505287E+000 -3.505287E+000 -6.526310E-001
         vertex -3.535534E+000 -3.535534E+000 0.000000E+000
      endloop
   endfacet
   facet normal -6.074802E-001 -7.916836E-001 -6.484596E-002
      outer loop
         vertex -2.500000E+000 -4.330127E+000 0.000000E+000
         vertex -3.535534E+000 -3.535534E+000 0.000000E+000
         vertex -3.505287E+000 -3.505287E+000 -6.526310E-001
      endloop
   endfacet
   facet normal -6.074802E-001 -7.916836E-001 -6.484596E-002
      outer loop
         vertex -3.505287E+000 -3.505287E+000 -6.526310E-001
         vertex -2.478612E+000 -4.293082E+000 -6.526310E-001
         vertex -2.500000E+000 -4.330127E+000 0.000000E+000
      endloop
   endfacet
   facet normal -3.818780E-001 -9.219350E-001 -6.484596E-002
      outer loop
         vertex -1.294095E+000 -4.829629E+000 0.000000E+000
         vertex -2.500000E+000 -4.330127E+000 0.000000E+000
         vertex -2.478612E+000 -4.293082E+000 -6.526310E-001
      endloop
   endfacet
   facet normal -3.818780E-001 -9.219350E-001 -6.484596E-002
      outer loop
         vertex -2.478612E+000 -4.293082E+000 -6.526310E-001
         vertex -1.283024E+000 -4.788311E+000 -6.526310E-001
         vertex -1.294095E+000 -4.829629E+000 0.000000E+000
      endloop
   endfacet
   facet normal -1.302515E-001 -9.893581E-001 -6.484596E-002
      outer loop
         vertex -9.184548E-016 -5.000000E+000 0.000000E+000
         vertex -1.294095E+000 -4.829629E+000 0.000000E+000
         vertex -1.283024E+000 -4.788311E+000 -6.526310E-001
      endloop
   endfacet
   facet normal -1.302515E-001 -9.893581E-001 -6.484596E-002
      outer loop
         vertex -1.283024E+000 -4.788311E+000 -6.526310E-001
         vertex -9.105973E-016 -4.957224E+000 -6.526310E-001
         vertex -9.184548E-016 -5.000000E+000 0.000000E+000
      endloop
   endfacet
   facet normal 1.302515E-001 -9.893581E-001 -6.484596E-002
      outer loop
         vertex 1.294095E+000 -4.829629E+000 0.000000E+000
         vertex -9.184548E-016 -5.000000E+000 0.000000E+000
         vertex -9.105973E-016 -4.957224E+000 -6.526310E-001
      endloop
   endfacet
   facet normal 1.302515E-001 -9.893581E-001 -6.484596E-002
      outer loop
         vertex -9.105973E-016 -4.957224E+000 -6.526310E-001
         vertex 1.283024E+000 -4.788311E+000 -6.526310E-001
         vertex 1.294095E+000 -4.829629E+000 0.000000E+000
      endloop
   endfacet
   facet normal 3.818780E-001 -9.219350E-001 -6.484596E-002
      outer loop
         vertex 2.500000E+000 -4.330127E+000 0.000000E+000
         vertex 1.294095E+000 -4.829629E+000 0.000000E+000
         vertex 1.283024E+000 -4.788311E+000 -6.526310E-001
      endloop
   endfacet
   facet normal 3.818780E-001 -9.219350E-001 -6.484596E-002
      outer loop
         vertex 1.283024E+000 -4.788311E+000 -6.526310E-001
         vertex 2.478612E+000 -4.293082E+000 -6.526310E-001
         vertex 2.500000E+000 -4.330127E+000 0.000000E+000
      endloop
   endfacet
   facet normal 6.074802E-001 -7.916836E-001 -6.484596E-002
      outer loop
         vertex 3.535534E+000 -3.535534E+000 0.000000E+000
         vertex 2.500000E+000 -4.330127E+000 0.000000E+000
         vertex 2.478612E+000 -4.293082E+000 -6.526310E-001
      endloop
   endfacet
   facet normal 6.074802E-001 -7.916836E-001 -6.484596E-002
      outer loop
         vertex 2.478612E+000 -4.293082E+000 -6.526310E-001
         vertex 3.505287E+000 -3.505287E+000 -6.526310E-001
         vertex 3.535534E+000 -3.535534E+000 0.000000E+000
      endloop
   endfacet
   facet normal 7.916836E-001 -6.074802E-001 -6.484596E-002
      outer loop
         vertex 4.330127E+000 -2.500000E+000 0.000000E+000
         vertex 3.535534E+000 -3.535534E+000 0.000000E+000
         vertex 3.505287E+000 -3.505287E+000 -6.526310E-001
      endloop
   endfacet
   facet normal 7.916836E-001 -6.074802E-001 -6.484596E-002
      outer loop
         vertex 3.505287E+000 -3.505287E+000 -6.526310E-001
         vertex 4.293082E+000 -2.478612E+000 -6.526310E-001
         vertex 4.330127E+000 -2.500000E+000 0.000000E+000
      endloop
   endfacet
   facet normal 9.219350E-001 -3.818780E-001 -6.484596E-002
      outer loop
         vertex 4.829629E+000 -1.294095E+000 0.000000E+000
         vertex 4.330127E+000 -2.500000E+000 0.000000E+000
         vertex 4.293082E+000 -2.478612E+000 -6.526310E-001
      endloop
   endfacet
   facet normal 9.219350E-001 -3.818780E-001 -6.484596E-002
      outer loop
         vertex 4.293082E+000 -2.478612E+000 -6.526310E-001
         vertex 4.788311E+000 -1.283024E+000 -6.526310E-001
         vertex 4.829629E+000 -1.294095E+000 0.000000E+000
      endloop
   endfacet
   facet normal 9.893581E-001 -1.302515E-001 -6.484596E-002
      outer loop
         vertex 5.000000E+000 -1.224606E-015 0.000000E+000
         vertex 4.829629E+000 -1.294095E+000 0.000000E+000
         vertex 4.788311E+000 -1.283024E+000 -6.526310E-001
      endloop
   endfacet
   facet normal 9.893581E-001 -1.302515E-001 -6.484596E-002
      outer loop
         vertex 4.788311E+000 -1.283024E+000 -6.526310E-001
         vertex 4.957224E+000 -1.214130E-015 -6.526310E-001
         vertex 5.000000E+000 -1.224606E-015 0.000000E+000
      endloop
   endfacet
   facet normal 9.893581E-001 1.302515E-001 6.484596E-002
      outer loop
         vertex 4.788311E+000 1.283024E+000 6.526310E-001
         vertex 4.957224E+000 0.000000E+000 6.526310E-001
         vertex 5.000000E+000 0.000000E+000 0.000000E+000
      endloop
   endfacet
   facet normal 9.893581E-001 1.302515E-001 6.484596E-002
      outer loop
         vertex 5.000000E+000 0.000000E+000 0.000000E+000
         vertex 4.829629E+000 1.294095E+000 0.000000E+000
         vertex 4.788311E+000 1.283024E+000 6.526310E-001
      endloop
   endfacet
   facet normal 9.219350E-001 3.818780E-001 6.484596E-002
      outer loop
         vertex 4.293082E+000 2.478612E+000 6.526310E-001
         vertex 4.788311E+000 1.283024E+000 6.526310E-001
         vertex 4.829629E+000 1.294095E+000 0.000000E+000
      endloop
   endfacet
   facet normal 9.219350E-001 3.818780E-001 6.484596E-002
      outer loop
         vertex 4.829629E+000 1.294095E+000 0.000000E+000
         vertex 4.330127E+000 2.500000E+000 0.000000E+000
         vertex 4.293082E+000 2.478612E+000 6.526310E-001
      endloop
   endfacet
   facet normal 7.916836E-001 6.074802E-001 6.484596E-002
      outer loop
         vertex 3.505287E+000 3.505287E+000 6.526310E-001
         vertex 4.293082E+000 2.478612E+000 6.526310E-001
         vertex 4.330127E+000 2.500000E+000 0.000000E+000
      endloop
   endfacet
   facet normal 7.916836E-001 6.074802E-001 6.484596E-002
      outer loop
         vertex 4.330127E+000 2.500000E+000 0.000000E+000
         vertex 3.535534E+000 3.535534E+000 0.000000E+000
         vertex 3.505287E+000 3.505287E+000 6.526310E-001
      endloop
   endfacet
   facet normal 6.074802E-001 7.916836E-001 6.484596E-002
      outer loop
         vertex 2.478612E+000 4.293082E+000 6.526310E-001
         vertex 3.505287E+000 3.505287E+000 6.526310E-001
         vertex 3.535534E+000 3.535534E+000 0.000000E+000
      endloop
   endfacet
   facet normal 6.074802E-001 7.916836E-001 6.484596E-002
      outer loop
         vertex 3.535534E+000 3.535534E+000 0.000000E+000
         vertex 2.500000E+000 4.330127E+000 0.000000E+000
         vertex 2.478612E+000 4.293082E+000 6.526310E-001
      endloop
   endfacet
   facet normal 3.818780E-001 9.219350E-001 6.484596E-002
      outer loop
         vertex 1.283024E+000 4.788311E+000 6.526310E-001
         vertex 2.478612E+000 4.293082E+000 6.526310E-001
         vertex 2.500000E+000 4.330127E+000 0.000000E+000
      endloop
   endfacet
   facet normal 3.818780E-001 9.219350E-001 6.484596E-002
      outer loop
         vertex 2.500000E+000 4.330127E+000 0.000000E+000
         vertex 1.294095E+000 4.829629E+000 0.000000E+000
         vertex 1.283024E+000 4.788311E+000 6.526310E-001
      endloop
   endfacet
   facet normal 1.302515E-001 9.893581E-001 6.484596E-002
      outer loop
         vertex 3.035324E-016 4.957224E+000 6.526310E-001
         vertex 1.283024E+000 4.788311E+000 6.526310E-001
         vertex 1.294095E+000 4.829629E+000 0.000000E+000
      endloop
   endfacet
   facet normal 1.302515E-001 9.893581E-001 6.484596E-002
      outer loop
         vertex 1.294095E+000 4.829629E+000 0.000000E+000
         vertex 3.061516E-016 5.000000E+000 0.000000E+000
         vertex 3.035324E-016 4.957224E+000 6.526310E-001
      endloop
   endfacet
   facet normal -1.302515E-001 9.893581E-001 6.484596E-002
      outer loop
         vertex -1.283024E+000 4.788311E+000 6.526310E-001
         vertex 3.035324E-016 4.957224E+000 6.526310E-001
         vertex 3.061516E-016 5.000000E+000 0.000000E+000
      endloop
   endfacet
   facet normal -1.302515E-001 9.893581E-001 6.484596E-002
      outer loop
         vertex 3.061516E-016 5.000000E+000 0.000000E+000
         vertex -1.294095E+000 4.829629E+000 0.000000E+000
         vertex -1.283024E+000 4.788311E+000 6.526310E-001
      endloop
   endfacet
   facet normal -3.818780E-001 9.219350E-001 6.484596E-002
      outer loop
         vertex -2.478612E+000 4.293082E+000 6.526310E-001
         vertex -1.283024E+000 4.788311E+000 6.526310E-001
         vertex -1.294095E+000 4.829629E+000 0.000000E+000
      endloop
   endfacet
   facet normal -3.818780E-001 9.219350E-001 6.484596E-002
      outer loop
         vertex -1.294095E+000 4.829629E+000 0.000000E+000
         vertex -2.500000E+000 4.330127E+000 0.000000E+000
         vertex -2.478612E+000 4.293082E+000 6.526310E-001
      endloop
   endfacet
   facet normal -6.074802E-001 7.916836E-001 6.484596E-002
      outer loop
         vertex -3.505287E+000 3.505287E+000 6.526310E-001
         vertex -2.478612E+000 4.293082E+000 6.526310E-001
         vertex -2.500000E+000 4.330127E+000 0.000000E+000
      endloop
   endfacet
   facet normal -6.074802E-001 7.916836E-001 6.484596E-002
      outer loop
         vertex -2.500000E+000 4.330127E+000 0.000000E+000
         vertex -3.535534E+000 3.535534E+000 0.000000E+000
         vertex -3.505287E+000 3.505287E+000 6.526310E-001
      endloop
   endfacet
   facet normal -7.916836E-001 6.074802E-001 6.484596E-002
      outer loop
         vertex -4.293082E+000 2.478612E+000 6.526310E-001
         vertex -3.505287E+000 3.505287E+000 6.526310E-001
         vertex -3.535534E+000 3.535534E+000 0.000000E+000
      endloop
   endfacet
   facet normal -7.916836E-001 6.074802E-001 6.484596E-002
      outer loop
         vertex -3.535534E+000 3.535534E+000 0.000000E+000
         vertex -4.330127E+000 2.500000E+000 0.000000E+000
         vertex -4.293082E+000 2.478612E+000 6.526310E-001
      endloop
   endfacet
   facet normal -9.219350E-001 3.818780E-001 6.484596E-002
      outer loop
         vertex -4.788311E+000 1.283024E+000 6.526310E-001
         vertex -4.293082E+000 2.478612E+000 6.526310E-001
         vertex -4.330127E+000 2.500000E+000 0.000000E+000
      endloop
   endfacet
   facet normal -9.219350E-001 3.818780E-001 6.484596E-002
      outer loop
         vertex -4.330127E+000 2.500000E+000 0.000000E+000
         vertex -4.829629E+000 1.294095E+000 0.000000E+000
         vertex -4.788311E+000 1.283024E+000 6.526310E-001
      endloop
   endfacet
   facet normal -9.893581E-001 1.302515E-001 6.484596E-002
      outer loop
         vertex -4.957224E+000 6.070649E-016 6.526310E-001
         vertex -4.788311E+000 1.283024E+000 6.526310E-001
         vertex -4.829629E+000 1.294095E+000 0.000000E+000
      endloop
   endfacet
   facet normal -9.893581E-001 1.302515E-001 6.484596E-002
      outer loop
         vertex -4.829629E+000 1.294095E+000 0.000000E+000
         vertex -5.000000E+000 6.123032E-016 0.000000E+000
         vertex -4.957224E+000 6.070649E-016 6.526310E-001
      endloop
   endfacet
   facet normal -9.893581E-001 -1.302515E-001 6.484596E-002
      outer loop
         vertex -4.788311E+000 -1.283024E+000 6.526310E-001
         vertex -4.957224E+000 6.070649E-016 6.526310E-001
         vertex -5.000000E+000 6.123032E-016 0.000000E+000
      endloop
   endfacet
   facet normal -9.893581E-001 -1.302515E-001 6.484596E-002
      outer loop
         vertex -5.000000E+000 6.123032E-016 0.000000E+000
         vertex -4.829629E+000 -1.294095E+000 0.000000E+000
         vertex -4.788311E+000 -1.283024E+000 6.526310E-001
      endloop
   endfacet
   facet normal -9.219350E-001 -3.818780E-001 6.484596E-002
      outer loop
         vertex -4.293082E+000 -2.478612E+000 6.526310E-001
         vertex -4.788311E+000 -1.283024E+000 6.526310E-001
         vertex -4.829629E+000 -1.294095E+000 0.000000E+000
      endloop
   endfacet
   facet normal -9.219350E-001 -3.818780E-001 6.484596E-002
      outer loop
         vertex -4.829629E+000 -1.294095E+000 0.000000E+000
         vertex -4.330127E+000 -2.500000E+000 0.000000E+000
         vertex -4.293082E+000 -2.478612E+000 6.526310E-001
      endloop
   endfacet
   facet normal -7.916836E-001 -6.074802E-001 6.484596E-002
      outer loop
         vertex -3.505287E+000 -3.505287E+000 6.526310E-001
         vertex -4.293082E+000 -2.478612E+000 6.526310E-001
         vertex -4.330127E+000 -2.500000E+000 0.000000E+000
      endloop
   endfacet
   facet normal -7.916836E-001 -6.074802E-001 6.484596E-002
      outer loop
         vertex -4.330127E+000 -2.500000E+000 0.000000E+000
         vertex -3.535534E+000 -3.535534E+000 0.000000E+000
         vertex -3.505287E+000 -3.505287E+000 6.526310E-001
      endloop
   endfacet
   facet normal -6.074802E-001 -7.916836E-001 6.484596E-002
      outer loop
         vertex -2.478612E+000 -4.293082E+000 6.526310E-001
         vertex -3.505287E+000 -3.505287E+000 6.526310E-001
         vertex -3.535534E+000 -3.535534E+000 0.000000E+000
      endloop
   endfacet
   facet normal -6.074802E-001 -7.916836E-001 6.484596E-002
      outer loop
         vertex -3.535534E+000 -3.535534E+000 0.000000E+000
         vertex -2.500000E+000 -4.330127E+000 0.000000E+000
         vertex -2.478612E+000 -4.293082E+000 6.526310E-001
      endloop
   endfacet
   facet normal -3.818780E-001 -9.219350E-001 6.484596E-002
      outer loop
         vertex -1.283024E+000 -4.788311E+000 6.526310E-001
         vertex -2.478612E+000 -4.293082E+000 6.526310E-001
         vertex -2.500000E+000 -4.330127E+000 0.000000E+000
      endloop
   endfacet
   facet normal -3.818780E-001 -9.219350E-001 6.484596E-002
      outer loop
         vertex -2.500000E+000 -4.330127E+000 0.000000E+000
         vertex -1.294095E+000 -4.829629E+000 0.000000E+000
         vertex -1.283024E+000 -4.788311E+000 6.526310E-001
      endloop
   endfacet
   facet normal -1.302515E-001 -9.893581E-001 6.484596E-002
      outer loop
         vertex -9.105973E-016 -4.957224E+000 6.526310E-001
         vertex -1.283024E+000 -4.788311E+000 6.526310E-001
         vertex -1.294095E+000 -4.829629E+000 0.000000E+000
      endloop
   endfacet
   facet normal -1.302515E-001 -9.893581E-001 6.484596E-002
      outer loop
         vertex -1.294095E+000 -4.829629E+000 0.000000E+000
         vertex -9.184548E-016 -5.000000E+000 0.000000E+000
         vertex -9.105973E-016 -4.957224E+000 6.526310E-001
      endloop
   endfacet
   facet normal 1.302515E-001 -9.893581E-001 6.484596E-002
      outer loop
         vertex 1.283024E+000 -4.788311E+000 6.526310E-001
         vertex -9.105973E-016 -4.957224E+000 6.526310E-001
         vertex -9.184548E-016 -5.000000E+000 0.000000E+000
      endloop
   endfacet
   facet normal 1.302515E-001 -9.893581E-001 6.484596E-002
      outer loop
         vertex -9.184548E-016 -5.000000E+000 0.000000E+000
         vertex 1.294095E+000 -4.829629E+000 0.000000E+000
         vertex 1.283024E+000 -4.788311E+000 6.526310E-001
      endloop
   endfacet
   facet normal 3.818780E-001 -9.219350E-001 6.484596E-002
      outer loop
         vertex 2.478612E+000 -4.293082E+000 6.526310E-001
         vertex 1.283024E+000 -4.788311E+000 6.526310E-001
         vertex 1.294095E+000 -4.829629E+000 0.000000E+000
      endloop
   endfacet
   facet normal 3.818780E-001 -9.219350E-001 6.484596E-002
      outer loop
         vertex 1.294095E+000 -4.829629E+000 0.000000E+000
         vertex 2.500000E+000 -4.330127E+000 0.000000E+000
         vertex 2.478612E+000 -4.293082E+000 6.526310E-001
      endloop
   endfacet
   facet normal 6.074802E-001 -7.916836E-001 6.484596E-002
      outer loop
         vertex 3.505287E+000 -3.505287E+000 6.526310E-001
         vertex 2.478612E+000 -4.293082E+000 6.526310E-001
         vertex 2.500000E+000 -4.330127E+000 0.000000E+000
      endloop
   endfacet
   facet normal 6.074802E-001 -7.916836E-001 6.484596E-002
      outer loop
         vertex 2.500000E+000 -4.330127E+000 0.000000E+000
         vertex 3.535534E+000 -3.535534E+000 0.000000E+000
         vertex 3.505287E+000 -3.505287E+000 6.526310E-001
      endloop
   endfacet
   facet normal 7.916836E-001 -6.074802E-001 6.484596E-002
      outer loop
         vertex 4.293082E+000 -2.478612E+000 6.526310E-001
         vertex 3.505287E+000 -3.505287E+000 6.526310E-001
         vertex 3.535534E+000 -3.535534E+000 0.000000E+000
      endloop
   endfacet
   facet normal 7.916836E-001 -6.074802E-001 6.484596E-002
      outer loop
         vertex 3.535534E+000 -3.535534E+000 0.000000E+000
         vertex 4.330127E+000 -2.500000E+000 0.000000E+000
         vertex 4.293082E+000 -2.478612E+000 6.526310E-001
      endloop
   endfacet
   facet normal 9.219350E-001 -3.818780E-001 6.484596E-002
      outer loop
         vertex 4.788311E+000 -1.283024E+000 6.526310E-001
         vertex 4.293082E+000 -2.478612E+000 6.526310E-001
         vertex 4.330127E+000 -2.500000E+000 0.000000E+000
      endloop
   endfacet
   facet normal 9.219350E-001 -3.818780E-001 6.484596E-002
      outer loop
         vertex 4.330127E+000 -2.500000E+000 0.000000E+000
         vertex 4.829629E+000 -1.294095E+000 0.000000E+000
         vertex 4.788311E+000 -1.283024E+000 6.526310E-001
      endloop
   endfacet
   facet normal 9.893581E-001 -1.302515E-001 6.484596E-002
      outer loop
         vertex 4.957224E+000 -1.214130E-015 6.526310E-001
         vertex 4.788311E+000 -1.283024E+000 6.526310E-001
         vertex 4.829629E+000 -1.294095E+000 0.000000E+000
      endloop
   endfacet
   facet normal 9.893581E-001 -1.302515E-001 6.484596E-002
      outer loop
         vertex 4.829629E+000 -1.294095E+000 0.000000E+000
         vertex 5.000000E+000 -1.224606E-015 0.000000E+000
         vertex 4.957224E+000 -1.214130E-015 6.526310E-001
      endloop
   endfacet
   facet normal 9.727100E-001 1.280597E-001 1.934840E-001
      outer loop
         vertex 4.665063E+000 1.250000E+000 1.294095E+000
         vertex 4.829629E+000 0.000000E+000 1.294095E+000
         vertex 4.957224E+000 0.000000E+000 6.526310E-001
      endloop
   endfacet
   facet normal 9.727100E-001 1.280597E-001 1.934840E-001
      outer loop
         vertex 4.957224E+000 0.000000E+000 6.526310E-001
         vertex 4.788311E+000 1.283024E+000 6.526310E-001
         vertex 4.665063E+000 1.250000E+000 1.294095E+000
      endloop
   endfacet
   facet normal 9.064214E-001 3.754520E-001 1.934840E-001
      outer loop
         vertex 4.182581E+000 2.414814E+000 1.294095E+000
         vertex 4.665063E+000 1.250000E+000 1.294095E+000
         vertex 4.788311E+000 1.283024E+000 6.526310E-001
      endloop
   endfacet
   facet normal 9.064214E-001 3.754520E-001 1.934840E-001
      outer loop
         vertex 4.788311E+000 1.283024E+000 6.526310E-001
         vertex 4.293082E+000 2.478612E+000 6.526310E-001
         vertex 4.182581E+000 2.414814E+000 1.294095E+000
      endloop
   endfacet
   facet normal 7.783617E-001 5.972579E-001 1.934840E-001
      outer loop
         vertex 3.415064E+000 3.415064E+000 1.294095E+000
         vertex 4.182581E+000 2.414814E+000 1.294095E+000
         vertex 4.293082E+000 2.478612E+000 6.526310E-001
      endloop
   endfacet
   facet normal 7.783617E-001 5.972579E-001 1.934840E-001
      outer loop
         vertex 4.293082E+000 2.478612E+000 6.526310E-001
         vertex 3.505287E+000 3.505287E+000 6.526310E-001
         vertex 3.415064E+000 3.415064E+000 1.294095E+000
      endloop
   endfacet
   facet normal 5.972579E-001 7.783617E-001 1.934840E-001
      outer loop
         vertex 2.414814E+000 4.182581E+000 1.294095E+000
         vertex 3.415064E+000 3.415064E+000 1.294095E+000
         vertex 3.505287E+000 3.505287E+000 6.526310E-001
      endloop
   endfacet
   facet normal 5.972579E-001 7.783617E-001 1.934840E-001
      outer loop
         vertex 3.505287E+000 3.505287E+000 6.526310E-001
         vertex 2.478612E+000 4.293082E+000 6.526310E-001
         vertex 2.414814E+000 4.182581E+000 1.294095E+000
      endloop
   endfacet
   facet normal 3.754520E-001 9.064214E-001 1.934840E-001
      outer loop
         vertex 1.250000E+000 4.665063E+000 1.294095E+000
         vertex 2.414814E+000 4.182581E+000 1.294095E+000
         vertex 2.478612E+000 4.293082E+000 6.526310E-001
      endloop
   endfacet
   facet normal 3.754520E-001 9.064214E-001 1.934840E-001
      outer loop
         vertex 2.478612E+000 4.293082E+000 6.526310E-001
         vertex 1.283024E+000 4.788311E+000 6.526310E-001
         vertex 1.250000E+000 4.665063E+000 1.294095E+000
      endloop
   endfacet
   facet normal 1.280597E-001 9.727100E-001 1.934840E-001
      outer loop
         vertex 2.957197E-016 4.829629E+000 1.294095E+000
         vertex 1.250000E+000 4.665063E+000 1.294095E+000
         vertex 1.283024E+000 4.788311E+000 6.526310E-001
      endloop
   endfacet
   facet normal 1.280597E-001 9.727100E-001 1.934840E-001
      outer loop
         vertex 1.283024E+000 4.788311E+000 6.526310E-001
         vertex 3.035324E-016 4.957224E+000 6.526310E-001
         vertex 2.957197E-016 4.829629E+000 1.294095E+000
      endloop
   endfacet
   facet normal -1.280597E-001 9.727100E-001 1.934840E-001
      outer loop
         vertex -1.250000E+000 4.665063E+000 1.294095E+000
         vertex 2.957197E-016 4.829629E+000 1.294095E+000
         vertex 3.035324E-016 4.957224E+000 6.526310E-001
      endloop
   endfacet
   facet normal -1.280597E-001 9.727100E-001 1.934840E-001
      outer loop
         vertex 3.035324E-016 4.957224E+000 6.526310E-001
         vertex -1.283024E+000 4.788311E+000 6.526310E-001
         vertex -1.250000E+000 4.665063E+000 1.294095E+000
      endloop
   endfacet
   facet normal -3.754520E-001 9.064214E-001 1.934840E-001
      outer loop
         vertex -2.414814E+000 4.182581E+000 1.294095E+000
         vertex -1.250000E+000 4.665063E+000 1.294095E+000
         vertex -1.283024E+000 4.788311E+000 6.526310E-001
      endloop
   endfacet
   facet normal -3.754520E-001 9.064214E-001 1.934840E-001
      outer loop
         vertex -1.283024E+000 4.788311E+000 6.526310E-001
         vertex -2.478612E+000 4.293082E+000 6.526310E-001
         vertex -2.414814E+000 4.182581E+000 1.294095E+000
      endloop
   endfacet
   facet normal -5.972579E-001 7.783617E-001 1.934840E-001
      outer loop
         vertex -3.415064E+000 3.415064E+000 1.294095E+000
         vertex -2.414814E+000 4.182581E+000 1.294095E+000
         vertex -2.478612E+000 4.293082E+000 6.526310E-001
      endloop
   endfacet
   facet normal -5.972579E-001 7.783617E-001 1.934840E-001
      outer loop
         vertex -2.478612E+000 4.293082E+000 6.526310E-001
         vertex -3.505287E+000 3.505287E+000 6.526310E-001
         vertex -3.415064E+000 3.415064E+000 1.294095E+000
      endloop
   endfacet
   facet normal -7.783617E-001 5.972579E-001 1.934840E-001
      outer loop
         vertex -4.182581E+000 2.414814E+000 1.294095E+000
         vertex -3.415064E+000 3.415064E+000 1.294095E+000
         vertex -3.505287E+000 3.505287E+000 6.526310E-001
      endloop
   endfacet
   facet normal -7.783617E-001 5.972579E-001 1.934840E-001
      outer loop
         vertex -3.505287E+000 3.505287E+000 6.526310E-001
         vertex -4.293082E+000 2.478612E+000 6.526310E-001
         vertex -4.182581E+000 2.414814E+000 1.294095E+000
      endloop
   endfacet
   facet normal -9.064214E-001 3.754520E-001 1.934840E-001
      outer loop
         vertex -4.665063E+000 1.250000E+000 1.294095E+000
         vertex -4.182581E+000 2.414814E+000 1.294095E+000
         vertex -4.293082E+000 2.478612E+000 6.526310E-001
      endloop
   endfacet
   facet normal -9.064214E-001 3.754520E-001 1.934840E-001
      outer loop
         vertex -4.293082E+000 2.478612E+000 6.526310E-001
         vertex -4.788311E+000 1.283024E+000 6.526310E-001
         vertex -4.665063E+000 1.250000E+000 1.294095E+000
      endloop
   endfacet
   facet normal -9.727100E-001 1.280597E-001 1.934840E-001
      outer loop
         vertex -4.829629E+000 5.914394E-016 1.294095E+000
         vertex -4.665063E+000 1.250000E+000 1.294095E+000
         vertex -4.788311E+000 1.283024E+000 6.526310E-001
      endloop
   endfacet
   facet normal -9.727100E-001 1.280597E-001 1.934840E-001
      outer loop
         vertex -4.788311E+000 1.283024E+000 6.526310E-001
         vertex -4.957224E+000 6.070649E-016 6.526310E-001
         vertex -4.829629E+000 5.914394E-016 1.294095E+000
      endloop
   endfacet
   facet normal -9.727100E-001 -1.280597E-001 1.934840E-001
      outer loop
         vertex -4.665063E+000 -1.250000E+000 1.294095E+000
         vertex -4.829629E+000 5.914394E-016 1.294095E+000
         vertex -4.957224E+000 6.070649E-016 6.526310E-001
      endloop
   endfacet
   facet normal -9.727100E-001 -1.280597E-001 1.934840E-001
      outer loop
         vertex -4.957224E+000 6.070649E-016 6.526310E-001
         vertex -4.788311E+000 -1.283024E+000 6.526310E-001
         vertex -4.665063E+000 -1.250000E+000 1.294095E+000
      endloop
   endfacet
   facet normal -9.064214E-001 -3.754520E-001 1.934840E-001
      outer loop
         vertex -4.182581E+000 -2.414814E+000 1.294095E+000
         vertex -4.665063E+000 -1.250000E+000 1.294095E+000
         vertex -4.788311E+000 -1.283024E+000 6.526310E-001
      endloop
   endfacet
   facet normal -9.064214E-001 -3.754520E-001 1.934840E-001
      outer loop
         vertex -4.788311E+000 -1.283024E+000 6.526310E-001
         vertex -4.293082E+000 -2.478612E+000 6.526310E-001
         vertex -4.182581E+000 -2.414814E+000 1.294095E+000
      endloop
   endfacet
   facet normal -7.783617E-001 -5.972579E-001 1.934840E-001
      outer loop
         vertex -3.415064E+000 -3.415064E+000 1.294095E+000
         vertex -4.182581E+000 -2.414814E+000 1.294095E+000
         vertex -4.293082E+000 -2.478612E+000 6.526310E-001
      endloop
   endfacet
   facet normal -7.783617E-001 -5.972579E-001 1.934840E-001
      outer loop
         vertex -4.293082E+000 -2.478612E+000 6.526310E-001
         vertex -3.505287E+000 -3.505287E+000 6.526310E-001
         vertex -3.415064E+000 -3.415064E+000 1.294095E+000
      endloop
   endfacet
   facet normal -5.972579E-001 -7.783617E-001 1.934840E-001
      outer loop
         vertex -2.414814E+000 -4.182581E+000 1.294095E+000
         vertex -3.415064E+000 -3.415064E+000 1.294095E+000
         vertex -3.505287E+000 -3.505287E+000 6.526310E-001
      endloop
   endfacet
   facet normal -5.972579E-001 -7.783617E-001 1.934840E-001
      outer loop
         vertex -3.505287E+000 -3.505287E+000 6.526310E-001
         vertex -2.478612E+000 -4.293082E+000 6.526310E-001
         vertex -2.414814E+000 -4.182581E+000 1.294095E+000
      endloop
   endfacet
   facet normal -3.754520E-001 -9.064214E-001 1.934840E-001
      outer loop
         vertex -1.250000E+000 -4.665063E+000 1.294095E+000
         vertex -2.414814E+000 -4.182581E+000 1.294095E+000
         vertex -2.478612E+000 -4.293082E+000 6.526310E-001
      endloop
   endfacet
   facet normal -3.754520E-001 -9.064214E-001 1.934840E-001
      outer loop
         vertex -2.478612E+000 -4.293082E+000 6.526310E-001
         vertex -1.283024E+000 -4.788311E+000 6.526310E-001
         vertex -1.250000E+000 -4.665063E+000 1.294095E+000
      endloop
   endfacet
   facet normal -1.280597E-001 -9.727100E-001 1.934840E-001
      outer loop
         vertex -8.871592E-016 -4.829629E+000 1.294095E+000
         vertex -1.250000E+000 -4.665063E+000 1.294095E+000
         vertex -1.283024E+000 -4.788311E+000 6.526310E-001
      endloop
   endfacet
   facet normal -1.280597E-001 -9.727100E-001 1.934840E-001
      outer loop
         vertex -1.283024E+000 -4.788311E+000 6.526310E-001
         vertex -9.105973E-016 -4.957224E+000 6.526310E-001
         vertex -8.871592E-016 -4.829629E+000 1.294095E+000
      endloop
   endfacet
   facet normal 1.280597E-001 -9.727100E-001 1.934840E-001
      outer loop
         vertex 1.250000E+000 -4.665063E+000 1.294095E+000
         vertex -8.871592E-016 -4.829629E+000 1.294095E+000
         vertex -9.105973E-016 -4.957224E+000 6.526310E-001
      endloop
   endfacet
   facet normal 1.280597E-001 -9.727100E-001 1.934840E-001
      outer loop
         vertex -9.105973E-016 -4.957224E+000 6.526310E-001
         vertex 1.283024E+000 -4.788311E+000 6.526310E-001
         vertex 1.250000E+000 -4.665063E+000 1.294095E+000
      endloop
   endfacet
   facet normal 3.754520E-001 -9.064214E-001 1.934840E-001
      outer loop
         vertex 2.414814E+000 -4.182581E+000 1.294095E+000
         vertex 1.250000E+000 -4.665063E+000 1.294095E+000
         vertex 1.283024E+000 -4.788311E+000 6.526310E-001
      endloop
   endfacet
   facet normal 3.754520E-001 -9.064214E-001 1.934840E-001
      outer loop
         vertex 1.283024E+000 -4.788311E+000 6.526310E-001
         vertex 2.478612E+000 -4.293082E+000 6.526310E-001
         vertex 2.414814E+000 -4.182581E+000 1.294095E+000
      endloop
   endfacet
   facet normal 5.972579E-001 -7.783617E-001 1.934840E-001
      outer loop
         vertex 3.415064E+000 -3.415064E+000 1.294095E+000
         vertex 2.414814E+000 -4.182581E+000 1.294095E+000
         vertex 2.478612E+000 -4.293082E+000 6.526310E-001
      endloop
   endfacet
   facet normal 5.972579E-001 -7.783617E-001 1.934840E-001
      outer loop
         vertex 2.478612E+000 -4.293082E+000 6.526310E-001
         vertex 3.505287E+000 -3.505287E+000 6.526310E-001
         vertex 3.415064E+000 -3.415064E+000 1.294095E+000
      endloop
   endfacet
   facet normal 7.783617E-001 -5.972579E-001 1.934840E-001
      outer loop
         vertex 4.182581E+000 -2.414814E+000 1.294095E+000
         vertex 3.415064E+000 -3.415064E+000 1.294095E+000
         vertex 3.505287E+000 -3.505287E+000 6.526310E-001
      endloop
   endfacet
   facet normal 7.783617E-001 -5.972579E-001 1.934840E-001
      outer loop
         vertex 3.505287E+000 -3.505287E+000 6.526310E-001
         vertex 4.293082E+000 -2.478612E+000 6.526310E-001
         vertex 4.182581E+000 -2.414814E+000 1.294095E+000
      endloop
   endfacet
   facet normal 9.064214E-001 -3.754520E-001 1.934840E-001
      outer loop
         vertex 4.665063E+000 -1.250000E+000 1.294095E+000
         vertex 4.182581E+000 -2.414814E+000 1.294095E+000
         vertex 4.293082E+000 -2.478612E+000 6.526310E-001
      endloop
   endfacet
   facet normal 9.064214E-001 -3.754520E-001 1.934840E-001
      outer loop
         vertex 4.293082E+000 -2.478612E+000 6.526310E-001
         vertex 4.788311E+000 -1.283024E+000 6.526310E-001
         vertex 4.665063E+000 -1.250000E+000 1.294095E+000
      endloop
   endfacet
   facet normal 9.727100E-001 -1.280597E-001 1.934840E-001
      outer loop
         vertex 4.829629E+000 -1.182879E-015 1.294095E+000
         vertex 4.665063E+000 -1.250000E+000 1.294095E+000
         vertex 4.788311E+000 -1.283024E+000 6.526310E-001
      endloop
   endfacet
   facet normal 9.727100E-001 -1.280597E-001 1.934840E-001
      outer loop
         vertex 4.788311E+000 -1.283024E+000 6.526310E-001
         vertex 4.957224E+000 -1.214130E-015 6.526310E-001
         vertex 4.829629E+000 -1.182879E-015 1.294095E+000
      endloop
   endfacet
   facet normal 9.396564E-001 1.237081E-001 3.189704E-001
      outer loop
         vertex 4.461996E+000 1.195588E+000 1.913417E+000
         vertex 4.619398E+000 0.000000E+000 1.913417E+000
         vertex 4.829629E+000 0.000000E+000 1.294095E+000
      endloop
   endfacet
   facet normal 9.396564E-001 1.237081E-001 3.189704E-001
      outer loop
         vertex 4.829629E+000 0.000000E+000 1.294095E+000
         vertex 4.665063E+000 1.250000E+000 1.294095E+000
         vertex 4.461996E+000 1.195588E+000 1.913417E+000
      endloop
   endfacet
   facet normal 8.756204E-001 3.626938E-001 3.189704E-001
      outer loop
         vertex 4.000516E+000 2.309699E+000 1.913417E+000
         vertex 4.461996E+000 1.195588E+000 1.913417E+000
         vertex 4.665063E+000 1.250000E+000 1.294095E+000
      endloop
   endfacet
   facet normal 8.756204E-001 3.626938E-001 3.189704E-001
      outer loop
         vertex 4.665063E+000 1.250000E+000 1.294095E+000
         vertex 4.182581E+000 2.414814E+000 1.294095E+000
         vertex 4.000516E+000 2.309699E+000 1.913417E+000
      endloop
   endfacet
   facet normal 7.519123E-001 5.769626E-001 3.189704E-001
      outer loop
         vertex 3.266407E+000 3.266407E+000 1.913417E+000
         vertex 4.000516E+000 2.309699E+000 1.913417E+000
         vertex 4.182581E+000 2.414814E+000 1.294095E+000
      endloop
   endfacet
   facet normal 7.519123E-001 5.769626E-001 3.189704E-001
      outer loop
         vertex 4.182581E+000 2.414814E+000 1.294095E+000
         vertex 3.415064E+000 3.415064E+000 1.294095E+000
         vertex 3.266407E+000 3.266407E+000 1.913417E+000
      endloop
   endfacet
   facet normal 5.769626E-001 7.519123E-001 3.189704E-001
      outer loop
         vertex 2.309699E+000 4.000516E+000 1.913417E+000
         vertex 3.266407E+000 3.266407E+000 1.913417E+000
         vertex 3.415064E+000 3.415064E+000 1.294095E+000
      endloop
   endfacet
   facet normal 5.769626E-001 7.519123E-001 3.189704E-001
      outer loop
         vertex 3.415064E+000 3.415064E+000 1.294095E+000
         vertex 2.414814E+000 4.182581E+000 1.294095E+000
         vertex 2.309699E+000 4.000516E+000 1.913417E+000
      endloop
   endfacet
   facet normal 3.626938E-001 8.756204E-001 3.189704E-001
      outer loop
         vertex 1.195588E+000 4.461996E+000 1.913417E+000
         vertex 2.309699E+000 4.000516E+000 1.913417E+000
         vertex 2.414814E+000 4.182581E+000 1.294095E+000
      endloop
   endfacet
   facet normal 3.626938E-001 8.756204E-001 3.189704E-001
      outer loop
         vertex 2.414814E+000 4.182581E+000 1.294095E+000
         vertex 1.250000E+000 4.665063E+000 1.294095E+000
         vertex 1.195588E+000 4.461996E+000 1.913417E+000
      endloop
   endfacet
   facet normal 1.237081E-001 9.396564E-001 3.189704E-001
      outer loop
         vertex 2.828472E-016 4.619398E+000 1.913417E+000
         vertex 1.195588E+000 4.461996E+000 1.913417E+000
         vertex 1.250000E+000 4.665063E+000 1.294095E+000
      endloop
   endfacet
   facet normal 1.237081E-001 9.396564E-001 3.189704E-001
      outer loop
         vertex 1.250000E+000 4.665063E+000 1.294095E+000
         vertex 2.957197E-016 4.829629E+000 1.294095E+000
         vertex 2.828472E-016 4.619398E+000 1.913417E+000
      endloop
   endfacet
   facet normal -1.237081E-001 9.396564E-001 3.189704E-001
      outer loop
         vertex -1.195588E+000 4.461996E+000 1.913417E+000
         vertex 2.828472E-016 4.619398E+000 1.913417E+000
         vertex 2.957197E-016 4.829629E+000 1.294095E+000
      endloop
   endfacet
   facet normal -1.237081E-001 9.396564E-001 3.189704E-001
      outer loop
         vertex 2.957197E-016 4.829629E+000 1.294095E+000
         vertex -1.250000E+000 4.665063E+000 1.294095E+000
         vertex -1.195588E+000 4.461996E+000 1.913417E+000
      endloop
   endfacet
   facet normal -3.626938E-001 8.756204E-001 3.189704E-001
      outer loop
         vertex -2.309699E+000 4.000516E+000 1.913417E+000
         vertex -1.195588E+000 4.461996E+000 1.913417E+000
         vertex -1.250000E+000 4.665063E+000 1.294095E+000
      endloop
   endfacet
   facet normal -3.626938E-001 8.756204E-001 3.189704E-001
      outer loop
         vertex -1.250000E+000 4.665063E+000 1.294095E+000
         vertex -2.414814E+000 4.182581E+000 1.294095E+000
         vertex -2.309699E+000 4.000516E+000 1.913417E+000
      endloop
   endfacet
   facet normal -5.769626E-001 7.519123E-001 3.189704E-001
      outer loop
         vertex -3.266407E+000 3.266407E+000 1.913417E+000
         vertex -2.309699E+000 4.000516E+000 1.913417E+000
         vertex -2.414814E+000 4.182581E+000 1.294095E+000
      endloop
   endfacet
   facet normal -5.769626E-001 7.519123E-001 3.189704E-001
      outer loop
         vertex -2.414814E+000 4.182581E+000 1.294095E+000
         vertex -3.415064E+000 3.415064E+000 1.294095E+000
         vertex -3.266407E+000 3.266407E+000 1.913417E+000
      endloop
   endfacet
   facet normal -7.519123E-001 5.769626E-001 3.189704E-001
      outer loop
         vertex -4.000516E+000 2.309699E+000 1.913417E+000
         vertex -3.266407E+000 3.266407E+000 1.913417E+000
         vertex -3.415064E+000 3.415064E+000 1.294095E+000
      endloop
   endfacet
   facet normal -7.519123E-001 5.769626E-001 3.189704E-001
      outer loop
         vertex -3.415064E+000 3.415064E+000 1.294095E+000
         vertex -4.182581E+000 2.414814E+000 1.294095E+000
         vertex -4.000516E+000 2.309699E+000 1.913417E+000
      endloop
   endfacet
   facet normal -8.756204E-001 3.626938E-001 3.189704E-001
      outer loop
         vertex -4.461996E+000 1.195588E+000 1.913417E+000
         vertex -4.000516E+000 2.309699E+000 1.913417E+000
         vertex -4.182581E+000 2.414814E+000 1.294095E+000
      endloop
   endfacet
   facet normal -8.756204E-001 3.626938E-001 3.189704E-001
      outer loop
         vertex -4.182581E+000 2.414814E+000 1.294095E+000
         vertex -4.665063E+000 1.250000E+000 1.294095E+000
         vertex -4.461996E+000 1.195588E+000 1.913417E+000
      endloop
   endfacet
   facet normal -9.396564E-001 1.237081E-001 3.189704E-001
      outer loop
         vertex -4.619398E+000 5.656944E-016 1.913417E+000
         vertex -4.461996E+000 1.195588E+000 1.913417E+000
         vertex -4.665063E+000 1.250000E+000 1.294095E+000
      endloop
   endfacet
   facet normal -9.396564E-001 1.237081E-001 3.189704E-001
      outer loop
         vertex -4.665063E+000 1.250000E+000 1.294095E+000
         vertex -4.829629E+000 5.914394E-016 1.294095E+000
         vertex -4.619398E+000 5.656944E-016 1.913417E+000
      endloop
   endfacet
   facet normal -9.396564E-001 -1.237081E-001 3.189704E-001
      outer loop
         vertex -4.461996E+000 -1.195588E+000 1.913417E+000
         vertex -4.619398E+000 5.656944E-016 1.913417E+000
         vertex -4.829629E+000 5.914394E-016 1.294095E+000
      endloop
   endfacet
   facet normal -9.396564E-001 -1.237081E-001 3.189704E-001
      outer loop
         vertex -4.829629E+000 5.914394E-016 1.294095E+000
         vertex -4.665063E+000 -1.250000E+000 1.294095E+000
         vertex -4.461996E+000 -1.195588E+000 1.913417E+000
      endloop
   endfacet
   facet normal -8.756204E-001 -3.626938E-001 3.189704E-001
      outer loop
         vertex -4.000516E+000 -2.309699E+000 1.913417E+000
         vertex -4.461996E+000 -1.195588E+000 1.913417E+000
         vertex -4.665063E+000 -1.250000E+000 1.294095E+000
      endloop
   endfacet
   facet normal -8.756204E-001 -3.626938E-001 3.189704E-001
      outer loop
         vertex -4.665063E+000 -1.250000E+000 1.294095E+000
         vertex -4.182581E+000 -2.414814E+000 1.294095E+000
         vertex -4.000516E+000 -2.309699E+000 1.913417E+000
      endloop
   endfacet
   facet normal -7.519123E-001 -5.769626E-001 3.189704E-001
      outer loop
         vertex -3.266407E+000 -3.266407E+000 1.913417E+000
         vertex -4.000516E+000 -2.309699E+000 1.913417E+000
         vertex -4.182581E+000 -2.414814E+000 1.294095E+000
      endloop
   endfacet
   facet normal -7.519123E-001 -5.769626E-001 3.189704E-001
      outer loop
         vertex -4.182581E+000 -2.414814E+000 1.294095E+000
         vertex -3.415064E+000 -3.415064E+000 1.294095E+000
         vertex -3.266407E+000 -3.266407E+000 1.913417E+000
      endloop
   endfacet
   facet normal -5.769626E-001 -7.519123E-001 3.189704E-001
      outer loop
         vertex -2.309699E+000 -4.000516E+000 1.913417E+000
         vertex -3.266407E+000 -3.266407E+000 1.913417E+000
         vertex -3.415064E+000 -3.415064E+000 1.294095E+000
      endloop
   endfacet
   facet normal -5.769626E-001 -7.519123E-001 3.189704E-001
      outer loop
         vertex -3.415064E+000 -3.415064E+000 1.294095E+000
         vertex -2.414814E+000 -4.182581E+000 1.294095E+000
         vertex -2.309699E+000 -4.000516E+000 1.913417E+000
      endloop
   endfacet
   facet normal -3.626938E-001 -8.756204E-001 3.189704E-001
      outer loop
         vertex -1.195588E+000 -4.461996E+000 1.913417E+000
         vertex -2.309699E+000 -4.000516E+000 1.913417E+000
         vertex -2.414814E+000 -4.182581E+000 1.294095E+000
      endloop
   endfacet
   facet normal -3.626938E-001 -8.756204E-001 3.189704E-001
      outer loop
         vertex -2.414814E+000 -4.182581E+000 1.294095E+000
         vertex -1.250000E+000 -4.665063E+000 1.294095E+000
         vertex -1.195588E+000 -4.461996E+000 1.913417E+000
      endloop
   endfacet
   facet normal -1.237081E-001 -9.396564E-001 3.189704E-001
      outer loop
         vertex -8.485416E-016 -4.619398E+000 1.913417E+000
         vertex -1.195588E+000 -4.461996E+000 1.913417E+000
         vertex -1.250000E+000 -4.665063E+000 1.294095E+000
      endloop
   endfacet
   facet normal -1.237081E-001 -9.396564E-001 3.189704E-001
      outer loop
         vertex -1.250000E+000 -4.665063E+000 1.294095E+000
         vertex -8.871592E-016 -4.829629E+000 1.294095E+000
         vertex -8.485416E-016 -4.619398E+000 1.913417E+000
      endloop
   endfacet
   facet normal 1.237081E-001 -9.396564E-001 3.189704E-001
      outer loop
         vertex 1.195588E+000 -4.461996E+000 1.913417E+000
         vertex -8.485416E-016 -4.619398E+000 1.913417E+000
         vertex -8.871592E-016 -4.829629E+000 1.294095E+000
      endloop
   endfacet
   facet normal 1.237081E-001 -9.396564E-001 3.189704E-001
      outer loop
         vertex -8.871592E-016 -4.829629E+000 1.294095E+000
         vertex 1.250000E+000 -4.665063E+000 1.294095E+000
         vertex 1.195588E+000 -4.461996E+000 1.913417E+000
      endloop
   endfacet
   facet normal 3.626938E-001 -8.756204E-001 3.189704E-001
      outer loop
         vertex 2.309699E+000 -4.000516E+000 1.913417E+000
         vertex 1.195588E+000 -4.461996E+000 1.913417E+000
         vertex 1.250000E+000 -4.665063E+000 1.294095E+000
      endloop
   endfacet
   facet normal 3.626938E-001 -8.756204E-001 3.189704E-001
      outer loop
         vertex 1.250000E+000 -4.665063E+000 1.294095E+000
         vertex 2.414814E+000 -4.182581E+000 1.294095E+000
         vertex 2.309699E+000 -4.000516E+000 1.913417E+000
      endloop
   endfacet
   facet normal 5.769626E-001 -7.519123E-001 3.189704E-001
      outer loop
         vertex 3.266407E+000 -3.266407E+000 1.913417E+000
         vertex 2.309699E+000 -4.000516E+000 1.913417E+000
         vertex 2.414814E+000 -4.182581E+000 1.294095E+000
      endloop
   endfacet
   facet normal 5.769626E-001 -7.519123E-001 3.189704E-001
      outer loop
         vertex 2.414814E+000 -4.182581E+000 1.294095E+000
         vertex 3.415064E+000 -3.415064E+000 1.294095E+000
         vertex 3.266407E+000 -3.266407E+000 1.913417E+000
      endloop
   endfacet
   facet normal 7.519123E-001 -5.769626E-001 3.189704E-001
      outer loop
         vertex 4.000516E+000 -2.309699E+000 1.913417E+000
         vertex 3.266407E+000 -3.266407E+000 1.913417E+000
         vertex 3.415064E+000 -3.415064E+000 1.294095E+000
      endloop
   endfacet
   facet normal 7.519123E-001 -5.769626E-001 3.189704E-001
      outer loop
         vertex 3.415064E+000 -3.415064E+000 1.294095E+000
         vertex 4.182581E+000 -2.414814E+000 1.294095E+000
         vertex 4.000516E+000 -2.309699E+000 1.913417E+000
      endloop
   endfacet
   facet normal 8.756204E-001 -3.626938E-001 3.189704E-001
      outer loop
         vertex 4.461996E+000 -1.195588E+000 1.913417E+000
         vertex 4.000516E+000 -2.309699E+000 1.913417E+000
         vertex 4.182581E+000 -2.414814E+000 1.294095E+000
      endloop
   endfacet
   facet normal 8.756204E-001 -3.626938E-001 3.189704E-001
      outer loop
         vertex 4.182581E+000 -2.414814E+000 1.294095E+000
         vertex 4.665063E+000 -1.250000E+000 1.294095E+000
         vertex 4.461996E+000 -1.195588E+000 1.913417E+000
      endloop
   endfacet
   facet normal 9.396564E-001 -1.237081E-001 3.189704E-001
      outer loop
         vertex 4.619398E+000 -1.131389E-015 1.913417E+000
         vertex 4.461996E+000 -1.195588E+000 1.913417E+000
         vertex 4.665063E+000 -1.250000E+000 1.294095E+000
      endloop
   endfacet
   facet normal 9.396564E-001 -1.237081E-001 3.189704E-001
      outer loop
         vertex 4.665063E+000 -1.250000E+000 1.294095E+000
         vertex 4.829629E+000 -1.182879E-015 1.294095E+000
         vertex 4.619398E+000 -1.131389E-015 1.913417E+000
      endloop
   endfacet
   facet normal 8.906853E-001 1.172609E-001 4.392374E-001
      outer loop
         vertex 4.182581E+000 1.120719E+000 2.500000E+000
         vertex 4.330127E+000 0.000000E+000 2.500000E+000
         vertex 4.619398E+000 0.000000E+000 1.913417E+000
      endloop
   endfacet
   facet normal 8.906853E-001 1.172609E-001 4.392374E-001
      outer loop
         vertex 4.619398E+000 0.000000E+000 1.913417E+000
         vertex 4.461996E+000 1.195588E+000 1.913417E+000
         vertex 4.182581E+000 1.120719E+000 2.500000E+000
      endloop
   endfacet
   facet normal 8.299866E-001 3.437917E-001 4.392374E-001
      outer loop
         vertex 3.750000E+000 2.165064E+000 2.500000E+000
         vertex 4.182581E+000 1.120719E+000 2.500000E+000
         vertex 4.461996E+000 1.195588E+000 1.913417E+000
      endloop
   endfacet
   facet normal 8.299866E-001 3.437917E-001 4.392374E-001
      outer loop
         vertex 4.461996E+000 1.195588E+000 1.913417E+000
         vertex 4.000516E+000 2.309699E+000 1.913417E+000
         vertex 3.750000E+000 2.165064E+000 2.500000E+000
      endloop
   endfacet
   facet normal 7.127256E-001 5.468937E-001 4.392374E-001
      outer loop
         vertex 3.061862E+000 3.061862E+000 2.500000E+000
         vertex 3.750000E+000 2.165064E+000 2.500000E+000
         vertex 4.000516E+000 2.309699E+000 1.913417E+000
      endloop
   endfacet
   facet normal 7.127256E-001 5.468937E-001 4.392374E-001
      outer loop
         vertex 4.000516E+000 2.309699E+000 1.913417E+000
         vertex 3.266407E+000 3.266407E+000 1.913417E+000
         vertex 3.061862E+000 3.061862E+000 2.500000E+000
      endloop
   endfacet
   facet normal 5.468937E-001 7.127256E-001 4.392374E-001
      outer loop
         vertex 2.165064E+000 3.750000E+000 2.500000E+000
         vertex 3.061862E+000 3.061862E+000 2.500000E+000
         vertex 3.266407E+000 3.266407E+000 1.913417E+000
      endloop
   endfacet
   facet normal 5.468937E-001 7.127256E-001 4.392374E-001
      outer loop
         vertex 3.266407E+000 3.266407E+000 1.913417E+000
         vertex 2.309699E+000 4.000516E+000 1.913417E+000
         vertex 2.165064E+000 3.750000E+000 2.500000E+000
      endloop
   endfacet
   facet normal 3.437917E-001 8.299866E-001 4.392374E-001
      outer loop
         vertex 1.120719E+000 4.182581E+000 2.500000E+000
         vertex 2.165064E+000 3.750000E+000 2.500000E+000
         vertex 2.309699E+000 4.000516E+000 1.913417E+000
      endloop
   endfacet
   facet normal 3.437917E-001 8.299866E-001 4.392374E-001
      outer loop
         vertex 2.309699E+000 4.000516E+000 1.913417E+000
         vertex 1.195588E+000 4.461996E+000 1.913417E+000
         vertex 1.120719E+000 4.182581E+000 2.500000E+000
      endloop
   endfacet
   facet normal 1.172609E-001 8.906853E-001 4.392374E-001
      outer loop
         vertex 2.651351E-016 4.330127E+000 2.500000E+000
         vertex 1.120719E+000 4.182581E+000 2.500000E+000
         vertex 1.195588E+000 4.461996E+000 1.913417E+000
      endloop
   endfacet
   facet normal 1.172609E-001 8.906853E-001 4.392374E-001
      outer loop
         vertex 1.195588E+000 4.461996E+000 1.913417E+000
         vertex 2.828472E-016 4.619398E+000 1.913417E+000
         vertex 2.651351E-016 4.330127E+000 2.500000E+000
      endloop
   endfacet
   facet normal -1.172609E-001 8.906853E-001 4.392374E-001
      outer loop
         vertex -1.120719E+000 4.182581E+000 2.500000E+000
         vertex 2.651351E-016 4.330127E+000 2.500000E+000
         vertex 2.828472E-016 4.619398E+000 1.913417E+000
      endloop
   endfacet
   facet normal -1.172609E-001 8.906853E-001 4.392374E-001
      outer loop
         vertex 2.828472E-016 4.619398E+000 1.913417E+000
         vertex -1.195588E+000 4.461996E+000 1.913417E+000
         vertex -1.120719E+000 4.182581E+000 2.500000E+000
      endloop
   endfacet
   facet normal -3.437917E-001 8.299866E-001 4.392374E-001
      outer loop
         vertex -2.165064E+000 3.750000E+000 2.500000E+000
         vertex -1.120719E+000 4.182581E+000 2.500000E+000
         vertex -1.195588E+000 4.461996E+000 1.913417E+000
      endloop
   endfacet
   facet normal -3.437917E-001 8.299866E-001 4.392374E-001
      outer loop
         vertex -1.195588E+000 4.461996E+000 1.913417E+000
         vertex -2.309699E+000 4.000516E+000 1.913417E+000
         vertex -2.165064E+000 3.750000E+000 2.500000E+000
      endloop
   endfacet
   facet normal -5.468937E-001 7.127256E-001 4.392374E-001
      outer loop
         vertex -3.061862E+000 3.061862E+000 2.500000E+000
         vertex -2.165064E+000 3.750000E+000 2.500000E+000
         vertex -2.309699E+000 4.000516E+000 1.913417E+000
      endloop
   endfacet
   facet normal -5.468937E-001 7.127256E-001 4.392374E-001
      outer loop
         vertex -2.309699E+000 4.000516E+000 1.913417E+000
         vertex -3.266407E+000 3.266407E+000 1.913417E+000
         vertex -3.061862E+000 3.061862E+000 2.500000E+000
      endloop
   endfacet
   facet normal -7.127256E-001 5.468937E-001 4.392374E-001
      outer loop
         vertex -3.750000E+000 2.165064E+000 2.500000E+000
         vertex -3.061862E+000 3.061862E+000 2.500000E+000
         vertex -3.266407E+000 3.266407E+000 1.913417E+000
      endloop
   endfacet
   facet normal -7.127256E-001 5.468937E-001 4.392374E-001
      outer loop
         vertex -3.266407E+000 3.266407E+000 1.913417E+000
         vertex -4.000516E+000 2.309699E+000 1.913417E+000
         vertex -3.750000E+000 2.165064E+000 2.500000E+000
      endloop
   endfacet
   facet normal -8.299866E-001 3.437917E-001 4.392374E-001
      outer loop
         vertex -4.182581E+000 1.120719E+000 2.500000E+000
         vertex -3.750000E+000 2.165064E+000 2.500000E+000
         vertex -4.000516E+000 2.309699E+000 1.913417E+000
      endloop
   endfacet
   facet normal -8.299866E-001 3.437917E-001 4.392374E-001
      outer loop
         vertex -4.000516E+000 2.309699E+000 1.913417E+000
         vertex -4.461996E+000 1.195588E+000 1.913417E+000
         vertex -4.182581E+000 1.120719E+000 2.500000E+000
      endloop
   endfacet
   facet normal -8.906853E-001 1.172609E-001 4.392374E-001
      outer loop
         vertex -4.330127E+000 5.302701E-016 2.500000E+000
         vertex -4.182581E+000 1.120719E+000 2.500000E+000
         vertex -4.461996E+000 1.195588E+000 1.913417E+000
      endloop
   endfacet
   facet normal -8.906853E-001 1.172609E-001 4.392374E-001
      outer loop
         vertex -4.461996E+000 1.195588E+000 1.913417E+000
         vertex -4.619398E+000 5.656944E-016 1.913417E+000
         vertex -4.330127E+000 5.302701E-016 2.500000E+000
      endloop
   endfacet
   facet normal -8.906853E-001 -1.172609E-001 4.392374E-001
      outer loop
         vertex -4.182581E+000 -1.120719E+000 2.500000E+000
         vertex -4.330127E+000 5.302701E-016 2.500000E+000
         vertex -4.619398E+000 5.656944E-016 1.913417E+000
      endloop
   endfacet
   facet normal -8.906853E-001 -1.172609E-001 4.392374E-001
      outer loop
         vertex -4.619398E+000 5.656944E-016 1.913417E+000
         vertex -4.461996E+000 -1.195588E+000 1.913417E+000
         vertex -4.182581E+000 -1.120719E+000 2.500000E+000
      endloop
   endfacet
   facet normal -8.299866E-001 -3.437917E-001 4.392374E-001
      outer loop
         vertex -3.750000E+000 -2.165064E+000 2.500000E+000
         vertex -4.182581E+000 -1.120719E+000 2.500000E+000
         vertex -4.461996E+000 -1.195588E+000 1.913417E+000
      endloop
   endfacet
   facet normal -8.299866E-001 -3.437917E-001 4.392374E-001
      outer loop
         vertex -4.461996E+000 -1.195588E+000 1.913417E+000
         vertex -4.000516E+000 -2.309699E+000 1.913417E+000
         vertex -3.750000E+000 -2.165064E+000 2.500000E+000
      endloop
   endfacet
   facet normal -7.127256E-001 -5.468937E-001 4.392374E-001
      outer loop
         vertex -3.061862E+000 -3.061862E+000 2.500000E+000
         vertex -3.750000E+000 -2.165064E+000 2.500000E+000
         vertex -4.000516E+000 -2.309699E+000 1.913417E+000
      endloop
   endfacet
   facet normal -7.127256E-001 -5.468937E-001 4.392374E-001
      outer loop
         vertex -4.000516E+000 -2.309699E+000 1.913417E+000
         vertex -3.266407E+000 -3.266407E+000 1.913417E+000
         vertex -3.061862E+000 -3.061862E+000 2.500000E+000
      endloop
   endfacet
   facet normal -5.468937E-001 -7.127256E-001 4.392374E-001
      outer loop
         vertex -2.165064E+000 -3.750000E+000 2.500000E+000
         vertex -3.061862E+000 -3.061862E+000 2.500000E+000
         vertex -3.266407E+000 -3.266407E+000 1.913417E+000
      endloop
   endfacet
   facet normal -5.468937E-001 -7.127256E-001 4.392374E-001
      outer loop
         vertex -3.266407E+000 -3.266407E+000 1.913417E+000
         vertex -2.309699E+000 -4.000516E+000 1.913417E+000
         vertex -2.165064E+000 -3.750000E+000 2.500000E+000
      endloop
   endfacet
   facet normal -3.437917E-001 -8.299866E-001 4.392374E-001
      outer loop
         vertex -1.120719E+000 -4.182581E+000 2.500000E+000
         vertex -2.165064E+000 -3.750000E+000 2.500000E+000
         vertex -2.309699E+000 -4.000516E+000 1.913417E+000
      endloop
   endfacet
   facet normal -3.437917E-001 -8.299866E-001 4.392374E-001
      outer loop
         vertex -2.309699E+000 -4.000516E+000 1.913417E+000
         vertex -1.195588E+000 -4.461996E+000 1.913417E+000
         vertex -1.120719E+000 -4.182581E+000 2.500000E+000
      endloop
   endfacet
   facet normal -1.172609E-001 -8.906853E-001 4.392374E-001
      outer loop
         vertex -7.954052E-016 -4.330127E+000 2.500000E+000
         vertex -1.120719E+000 -4.182581E+000 2.500000E+000
         vertex -1.195588E+000 -4.461996E+000 1.913417E+000
      endloop
   endfacet
   facet normal -1.172609E-001 -8.906853E-001 4.392374E-001
      outer loop
         vertex -1.195588E+000 -4.461996E+000 1.913417E+000
         vertex -8.485416E-016 -4.619398E+000 1.913417E+000
         vertex -7.954052E-016 -4.330127E+000 2.500000E+000
      endloop
   endfacet
   facet normal 1.172609E-001 -8.906853E-001 4.392374E-001
      outer loop
         vertex 1.120719E+000 -4.182581E+000 2.500000E+000
         vertex -7.954052E-016 -4.330127E+000 2.500000E+000
         vertex -8.485416E-016 -4.619398E+000 1.913417E+000
      endloop
   endfacet
   facet normal 1.172609E-001 -8.906853E-001 4.392374E-001
      outer loop
         vertex -8.485416E-016 -4.619398E+000 1.913417E+000
         vertex 1.195588E+000 -4.461996E+000 1.913417E+000
         vertex 1.120719E+000 -4.182581E+000 2.500000E+000
      endloop
   endfacet
   facet normal 3.437917E-001 -8.299866E-001 4.392374E-001
      outer loop
         vertex 2.165064E+000 -3.750000E+000 2.500000E+000
         vertex 1.120719E+000 -4.182581E+000 2.500000E+000
         vertex 1.195588E+000 -4.461996E+000 1.913417E+000
      endloop
   endfacet
   facet normal 3.437917E-001 -8.299866E-001 4.392374E-001
      outer loop
         vertex 1.195588E+000 -4.461996E+000 1.913417E+000
         vertex 2.309699E+000 -4.000516E+000 1.913417E+000
         vertex 2.165064E+000 -3.750000E+000 2.500000E+000
      endloop
   endfacet
   facet normal 5.468937E-001 -7.127256E-001 4.392374E-001
      outer loop
         vertex 3.061862E+000 -3.061862E+000 2.500000E+000
         vertex 2.165064E+000 -3.750000E+000 2.500000E+000
         vertex 2.309699E+000 -4.000516E+000 1.913417E+000
      endloop
   endfacet
   facet normal 5.468937E-001 -7.127256E-001 4.392374E-001
      outer loop
         vertex 2.309699E+000 -4.000516E+000 1.913417E+000
         vertex 3.266407E+000 -3.266407E+000 1.913417E+000
         vertex 3.061862E+000 -3.061862E+000 2.500000E+000
      endloop
   endfacet
   facet normal 7.127256E-001 -5.468937E-001 4.392374E-001
      outer loop
         vertex 3.750000E+000 -2.165064E+000 2.500000E+000
         vertex 3.061862E+000 -3.061862E+000 2.500000E+000
         vertex 3.266407E+000 -3.266407E+000 1.913417E+000
      endloop
   endfacet
   facet normal 7.127256E-001 -5.468937E-001 4.392374E-001
      outer loop
         vertex 3.266407E+000 -3.266407E+000 1.913417E+000
         vertex 4.000516E+000 -2.309699E+000 1.913417E+000
         vertex 3.750000E+000 -2.165064E+000 2.500000E+000
      endloop
   endfacet
   facet normal 8.299866E-001 -3.437917E-001 4.392374E-001
      outer loop
         vertex 4.182581E+000 -1.120719E+000 2.500000E+000
         vertex 3.750000E+000 -2.165064E+000 2.500000E+000
         vertex 4.000516E+000 -2.309699E+000 1.913417E+000
      endloop
   endfacet
   facet normal 8.299866E-001 -3.437917E-001 4.392374E-001
      outer loop
         vertex 4.000516E+000 -2.309699E+000 1.913417E+000
         vertex 4.461996E+000 -1.195588E+000 1.913417E+000
         vertex 4.182581E+000 -1.120719E+000 2.500000E+000
      endloop
   endfacet
   facet normal 8.906853E-001 -1.172609E-001 4.392374E-001
      outer loop
         vertex 4.330127E+000 -1.060540E-015 2.500000E+000
         vertex 4.182581E+000 -1.120719E+000 2.500000E+000
         vertex 4.461996E+000 -1.195588E+000 1.913417E+000
      endloop
   endfacet
   facet normal 8.906853E-001 -1.172609E-001 4.392374E-001
      outer loop
         vertex 4.461996E+000 -1.195588E+000 1.913417E+000
         vertex 4.619398E+000 -1.131389E-015 1.913417E+000
         vertex 4.330127E+000 -1.060540E-015 2.500000E+000
      endloop
   endfacet
   facet normal 8.265324E-001 1.088151E-001 5.522712E-001
      outer loop
         vertex 3.831602E+000 1.026675E+000 3.043807E+000
         vertex 3.966767E+000 0.000000E+000 3.043807E+000
         vertex 4.330127E+000 0.000000E+000 2.500000E+000
      endloop
   endfacet
   facet normal 8.265324E-001 1.088151E-001 5.522712E-001
      outer loop
         vertex 4.330127E+000 0.000000E+000 2.500000E+000
         vertex 4.182581E+000 1.120719E+000 2.500000E+000
         vertex 3.831602E+000 1.026675E+000 3.043807E+000
      endloop
   endfacet
   facet normal 7.702056E-001 3.190296E-001 5.522712E-001
      outer loop
         vertex 3.435321E+000 1.983383E+000 3.043807E+000
         vertex 3.831602E+000 1.026675E+000 3.043807E+000
         vertex 4.182581E+000 1.120719E+000 2.500000E+000
      endloop
   endfacet
   facet normal 7.702056E-001 3.190296E-001 5.522712E-001
      outer loop
         vertex 4.182581E+000 1.120719E+000 2.500000E+000
         vertex 3.750000E+000 2.165064E+000 2.500000E+000
         vertex 3.435321E+000 1.983383E+000 3.043807E+000
      endloop
   endfacet
   facet normal 6.613905E-001 5.075028E-001 5.522712E-001
      outer loop
         vertex 2.804928E+000 2.804928E+000 3.043807E+000
         vertex 3.435321E+000 1.983383E+000 3.043807E+000
         vertex 3.750000E+000 2.165064E+000 2.500000E+000
      endloop
   endfacet
   facet normal 6.613905E-001 5.075028E-001 5.522712E-001
      outer loop
         vertex 3.750000E+000 2.165064E+000 2.500000E+000
         vertex 3.061862E+000 3.061862E+000 2.500000E+000
         vertex 2.804928E+000 2.804928E+000 3.043807E+000
      endloop
   endfacet
   facet normal 5.075028E-001 6.613905E-001 5.522712E-001
      outer loop
         vertex 1.983383E+000 3.435321E+000 3.043807E+000
         vertex 2.804928E+000 2.804928E+000 3.043807E+000
         vertex 3.061862E+000 3.061862E+000 2.500000E+000
      endloop
   endfacet
   facet normal 5.075028E-001 6.613905E-001 5.522712E-001
      outer loop
         vertex 3.061862E+000 3.061862E+000 2.500000E+000
         vertex 2.165064E+000 3.750000E+000 2.500000E+000
         vertex 1.983383E+000 3.435321E+000 3.043807E+000
      endloop
   endfacet
   facet normal 3.190296E-001 7.702056E-001 5.522712E-001
      outer loop
         vertex 1.026675E+000 3.831602E+000 3.043807E+000
         vertex 1.983383E+000 3.435321E+000 3.043807E+000
         vertex 2.165064E+000 3.750000E+000 2.500000E+000
      endloop
   endfacet
   facet normal 3.190296E-001 7.702056E-001 5.522712E-001
      outer loop
         vertex 2.165064E+000 3.750000E+000 2.500000E+000
         vertex 1.120719E+000 4.182581E+000 2.500000E+000
         vertex 1.026675E+000 3.831602E+000 3.043807E+000
      endloop
   endfacet
   facet normal 1.088151E-001 8.265324E-001 5.522712E-001
      outer loop
         vertex 2.428864E-016 3.966767E+000 3.043807E+000
         vertex 1.026675E+000 3.831602E+000 3.043807E+000
         vertex 1.120719E+000 4.182581E+000 2.500000E+000
      endloop
   endfacet
   facet normal 1.088151E-001 8.265324E-001 5.522712E-001
      outer loop
         vertex 1.120719E+000 4.182581E+000 2.500000E+000
         vertex 2.651351E-016 4.330127E+000 2.500000E+000
         vertex 2.428864E-016 3.966767E+000 3.043807E+000
      endloop
   endfacet
   facet normal -1.088151E-001 8.265324E-001 5.522712E-001
      outer loop
         vertex -1.026675E+000 3.831602E+000 3.043807E+000
         vertex 2.428864E-016 3.966767E+000 3.043807E+000
         vertex 2.651351E-016 4.330127E+000 2.500000E+000
      endloop
   endfacet
   facet normal -1.088151E-001 8.265324E-001 5.522712E-001
      outer loop
         vertex 2.651351E-016 4.330127E+000 2.500000E+000
         vertex -1.120719E+000 4.182581E+000 2.500000E+000
         vertex -1.026675E+000 3.831602E+000 3.043807E+000
      endloop
   endfacet
   facet normal -3.190296E-001 7.702056E-001 5.522712E-001
      outer loop
         vertex -1.983383E+000 3.435321E+000 3.043807E+000
         vertex -1.026675E+000 3.831602E+000 3.043807E+000
         vertex -1.120719E+000 4.182581E+000 2.500000E+000
      endloop
   endfacet
   facet normal -3.190296E-001 7.702056E-001 5.522712E-001
      outer loop
         vertex -1.120719E+000 4.182581E+000 2.500000E+000
         vertex -2.165064E+000 3.750000E+000 2.500000E+000
         vertex -1.983383E+000 3.435321E+000 3.043807E+000
      endloop
   endfacet
   facet normal -5.075028E-001 6.613905E-001 5.522712E-001
      outer loop
         vertex -2.804928E+000 2.804928E+000 3.043807E+000
         vertex -1.983383E+000 3.435321E+000 3.043807E+000
         vertex -2.165064E+000 3.750000E+000 2.500000E+000
      endloop
   endfacet
   facet normal -5.075028E-001 6.613905E-001 5.522712E-001
      outer loop
         vertex -2.165064E+000 3.750000E+000 2.500000E+000
         vertex -3.061862E+000 3.061862E+000 2.500000E+000
         vertex -2.804928E+000 2.804928E+000 3.043807E+000
      endloop
   endfacet
   facet normal -6.613905E-001 5.075028E-001 5.522712E-001
      outer loop
         vertex -3.435321E+000 1.983383E+000 3.043807E+000
         vertex -2.804928E+000 2.804928E+000 3.043807E+000
         vertex -3.061862E+000 3.061862E+000 2.500000E+000
      endloop
   endfacet
   facet normal -6.613905E-001 5.075028E-001 5.522712E-001
      outer loop
         vertex -3.061862E+000 3.061862E+000 2.500000E+000
         vertex -3.750000E+000 2.165064E+000 2.500000E+000
         vertex -3.435321E+000 1.983383E+000 3.043807E+000
      endloop
   endfacet
   facet normal -7.702056E-001 3.190296E-001 5.522712E-001
      outer loop
         vertex -3.831602E+000 1.026675E+000 3.043807E+000
         vertex -3.435321E+000 1.983383E+000 3.043807E+000
         vertex -3.750000E+000 2.165064E+000 2.500000E+000
      endloop
   endfacet
   facet normal -7.702056E-001 3.190296E-001 5.522712E-001
      outer loop
         vertex -3.750000E+000 2.165064E+000 2.500000E+000
         vertex -4.182581E+000 1.120719E+000 2.500000E+000
         vertex -3.831602E+000 1.026675E+000 3.043807E+000
      endloop
   endfacet
   facet normal -8.265324E-001 1.088151E-001 5.522712E-001
      outer loop
         vertex -3.966767E+000 4.857728E-016 3.043807E+000
         vertex -3.831602E+000 1.026675E+000 3.043807E+000
         vertex -4.182581E+000 1.120719E+000 2.500000E+000
      endloop
   endfacet
   facet normal -8.265324E-001 1.088151E-001 5.522712E-001
      outer loop
         vertex -4.182581E+000 1.120719E+000 2.500000E+000
         vertex -4.330127E+000 5.302701E-016 2.500000E+000
         vertex -3.966767E+000 4.857728E-016 3.043807E+000
      endloop
   endfacet
   facet normal -8.265324E-001 -1.088151E-001 5.522712E-001
      outer loop
         vertex -3.831602E+000 -1.026675E+000 3.043807E+000
         vertex -3.966767E+000 4.857728E-016 3.043807E+000
         vertex -4.330127E+000 5.302701E-016 2.500000E+000
      endloop
   endfacet
   facet normal -8.265324E-001 -1.088151E-001 5.522712E-001
      outer loop
         vertex -4.330127E+000 5.302701E-016 2.500000E+000
         vertex -4.182581E+000 -1.120719E+000 2.500000E+000
         vertex -3.831602E+000 -1.026675E+000 3.043807E+000
      endloop
   endfacet
   facet normal -7.702056E-001 -3.190296E-001 5.522712E-001
      outer loop
         vertex -3.435321E+000 -1.983383E+000 3.043807E+000
         vertex -3.831602E+000 -1.026675E+000 3.043807E+000
         vertex -4.182581E+000 -1.120719E+000 2.500000E+000
      endloop
   endfacet
   facet normal -7.702056E-001 -3.190296E-001 5.522712E-001
      outer loop
         vertex -4.182581E+000 -1.120719E+000 2.500000E+000
         vertex -3.750000E+000 -2.165064E+000 2.500000E+000
         vertex -3.435321E+000 -1.983383E+000 3.043807E+000
      endloop
   endfacet
   facet normal -6.613905E-001 -5.075028E-001 5.522712E-001
      outer loop
         vertex -2.804928E+000 -2.804928E+000 3.043807E+000
         vertex -3.435321E+000 -1.983383E+000 3.043807E+000
         vertex -3.750000E+000 -2.165064E+000 2.500000E+000
      endloop
   endfacet
   facet normal -6.613905E-001 -5.075028E-001 5.522712E-001
      outer loop
         vertex -3.750000E+000 -2.165064E+000 2.500000E+000
         vertex -3.061862E+000 -3.061862E+000 2.500000E+000
         vertex -2.804928E+000 -2.804928E+000 3.043807E+000
      endloop
   endfacet
   facet normal -5.075028E-001 -6.613905E-001 5.522712E-001
      outer loop
         vertex -1.983383E+000 -3.435321E+000 3.043807E+000
         vertex -2.804928E+000 -2.804928E+000 3.043807E+000
         vertex -3.061862E+000 -3.061862E+000 2.500000E+000
      endloop
   endfacet
   facet normal -5.075028E-001 -6.613905E-001 5.522712E-001
      outer loop
         vertex -3.061862E+000 -3.061862E+000 2.500000E+000
         vertex -2.165064E+000 -3.750000E+000 2.500000E+000
         vertex -1.983383E+000 -3.435321E+000 3.043807E+000
      endloop
   endfacet
   facet normal -3.190296E-001 -7.702056E-001 5.522712E-001
      outer loop
         vertex -1.026675E+000 -3.831602E+000 3.043807E+000
         vertex -1.983383E+000 -3.435321E+000 3.043807E+000
         vertex -2.165064E+000 -3.750000E+000 2.500000E+000
      endloop
   endfacet
   facet normal -3.190296E-001 -7.702056E-001 5.522712E-001
      outer loop
         vertex -2.165064E+000 -3.750000E+000 2.500000E+000
         vertex -1.120719E+000 -4.182581E+000 2.500000E+000
         vertex -1.026675E+000 -3.831602E+000 3.043807E+000
      endloop
   endfacet
   facet normal -1.088151E-001 -8.265324E-001 5.522712E-001
      outer loop
         vertex -7.286591E-016 -3.966767E+000 3.043807E+000
         vertex -1.026675E+000 -3.831602E+000 3.043807E+000
         vertex -1.120719E+000 -4.182581E+000 2.500000E+000
      endloop
   endfacet
   facet normal -1.088151E-001 -8.265324E-001 5.522712E-001
      outer loop
         vertex -1.120719E+000 -4.182581E+000 2.500000E+000
         vertex -7.954052E-016 -4.330127E+000 2.500000E+000
         vertex -7.286591E-016 -3.966767E+000 3.043807E+000
      endloop
   endfacet
   facet normal 1.088151E-001 -8.265324E-001 5.522712E-001
      outer loop
         vertex 1.026675E+000 -3.831602E+000 3.043807E+000
         vertex -7.286591E-016 -3.966767E+000 3.043807E+000
         vertex -7.954052E-016 -4.330127E+000 2.500000E+000
      endloop
   endfacet
   facet normal 1.088151E-001 -8.265324E-001 5.522712E-001
      outer loop
         vertex -7.954052E-016 -4.330127E+000 2.500000E+000
         vertex 1.120719E+000 -4.182581E+000 2.500000E+000
         vertex 1.026675E+000 -3.831602E+000 3.043807E+000
      endloop
   endfacet
   facet normal 3.190296E-001 -7.702056E-001 5.522712E-001
      outer loop
         vertex 1.983383E+000 -3.435321E+000 3.043807E+000
         vertex 1.026675E+000 -3.831602E+000 3.043807E+000
         vertex 1.120719E+000 -4.182581E+000 2.500000E+000
      endloop
   endfacet
   facet normal 3.190296E-001 -7.702056E-001 5.522712E-001
      outer loop
         vertex 1.120719E+000 -4.182581E+000 2.500000E+000
         vertex 2.165064E+000 -3.750000E+000 2.500000E+000
         vertex 1.983383E+000 -3.435321E+000 3.043807E+000
      endloop
   endfacet
   facet normal 5.075028E-001 -6.613905E-001 5.522712E-001
      outer loop
         vertex 2.804928E+000 -2.804928E+000 3.043807E+000
         vertex 1.983383E+000 -3.435321E+000 3.043807E+000
         vertex 2.165064E+000 -3.750000E+000 2.500000E+000
      endloop
   endfacet
   facet normal 5.075028E-001 -6.613905E-001 5.522712E-001
      outer loop
         vertex 2.165064E+000 -3.750000E+000 2.500000E+000
         vertex 3.061862E+000 -3.061862E+000 2.500000E+000
         vertex 2.804928E+000 -2.804928E+000 3.043807E+000
      endloop
   endfacet
   facet normal 6.613905E-001 -5.075028E-001 5.522712E-001
      outer loop
         vertex 3.435321E+000 -1.983383E+000 3.043807E+000
         vertex 2.804928E+000 -2.804928E+000 3.043807E+000
         vertex 3.061862E+000 -3.061862E+000 2.500000E+000
      endloop
   endfacet
   facet normal 6.613905E-001 -5.075028E-001 5.522712E-001
      outer loop
         vertex 3.061862E+000 -3.061862E+000 2.500000E+000
         vertex 3.750000E+000 -2.165064E+000 2.500000E+000
         vertex 3.435321E+000 -1.983383E+000 3.043807E+000
      endloop
   endfacet
   facet normal 7.702056E-001 -3.190296E-001 5.522712E-001
      outer loop
         vertex 3.831602E+000 -1.026675E+000 3.043807E+000
         vertex 3.435321E+000 -1.983383E+000 3.043807E+000
         vertex 3.750000E+000 -2.165064E+000 2.500000E+000
      endloop
   endfacet
   facet normal 7.702056E-001 -3.190296E-001 5.522712E-001
      outer loop
         vertex 3.750000E+000 -2.165064E+000 2.500000E+000
         vertex 4.182581E+000 -1.120719E+000 2.500000E+000
         vertex 3.831602E+000 -1.026675E+000 3.043807E+000
      endloop
   endfacet
   facet normal 8.265324E-001 -1.088151E-001 5.522712E-001
      outer loop
         vertex 3.966767E+000 -9.715455E-016 3.043807E+000
         vertex 3.831602E+000 -1.026675E+000 3.043807E+000
         vertex 4.182581E+000 -1.120719E+000 2.500000E+000
      endloop
   endfacet
   facet normal 8.265324E-001 -1.088151E-001 5.522712E-001
      outer loop
         vertex 4.182581E+000 -1.120719E+000 2.500000E+000
         vertex 4.330127E+000 -1.060540E-015 2.500000E+000
         vertex 3.966767E+000 -9.715455E-016 3.043807E+000
      endloop
   endfacet
   facet normal 7.481836E-001 9.850024E-002 6.561394E-001
      outer loop
         vertex 3.415064E+000 9.150635E-001 3.535534E+000
         vertex 3.535534E+000 0.000000E+000 3.535534E+000
         vertex 3.966767E+000 0.000000E+000 3.043807E+000
      endloop
   endfacet
   facet normal 7.481836E-001 9.850024E-002 6.561394E-001
      outer loop
         vertex 3.966767E+000 0.000000E+000 3.043807E+000
         vertex 3.831602E+000 1.026675E+000 3.043807E+000
         vertex 3.415064E+000 9.150635E-001 3.535534E+000
      endloop
   endfacet
   facet normal 6.971961E-001 2.887881E-001 6.561394E-001
      outer loop
         vertex 3.061862E+000 1.767767E+000 3.535534E+000
         vertex 3.415064E+000 9.150635E-001 3.535534E+000
         vertex 3.831602E+000 1.026675E+000 3.043807E+000
      endloop
   endfacet
   facet normal 6.971961E-001 2.887881E-001 6.561394E-001
      outer loop
         vertex 3.831602E+000 1.026675E+000 3.043807E+000
         vertex 3.435321E+000 1.983383E+000 3.043807E+000
         vertex 3.061862E+000 1.767767E+000 3.535534E+000
      endloop
   endfacet
   facet normal 5.986959E-001 4.593955E-001 6.561394E-001
      outer loop
         vertex 2.500000E+000 2.500000E+000 3.535534E+000
         vertex 3.061862E+000 1.767767E+000 3.535534E+000
         vertex 3.435321E+000 1.983383E+000 3.043807E+000
      endloop
   endfacet
   facet normal 5.986959E-001 4.593955E-001 6.561394E-001
      outer loop
         vertex 3.435321E+000 1.983383E+000 3.043807E+000
         vertex 2.804928E+000 2.804928E+000 3.043807E+000
         vertex 2.500000E+000 2.500000E+000 3.535534E+000
      endloop
   endfacet
   facet normal 4.593955E-001 5.986959E-001 6.561394E-001
      outer loop
         vertex 1.767767E+000 3.061862E+000 3.535534E+000
         vertex 2.500000E+000 2.500000E+000 3.535534E+000
         vertex 2.804928E+000 2.804928E+000 3.043807E+000
      endloop
   endfacet
   facet normal 4.593955E-001 5.986959E-001 6.561394E-001
      outer loop
         vertex 2.804928E+000 2.804928E+000 3.043807E+000
         vertex 1.983383E+000 3.435321E+000 3.043807E+000
         vertex 1.767767E+000 3.061862E+000 3.535534E+000
      endloop
   endfacet
   facet normal 2.887881E-001 6.971961E-001 6.561394E-001
      outer loop
         vertex 9.150635E-001 3.415064E+000 3.535534E+000
         vertex 1.767767E+000 3.061862E+000 3.535534E+000
         vertex 1.983383E+000 3.435321E+000 3.043807E+000
      endloop
   endfacet
   facet normal 2.887881E-001 6.971961E-001 6.561394E-001
      outer loop
         vertex 1.983383E+000 3.435321E+000 3.043807E+000
         vertex 1.026675E+000 3.831602E+000 3.043807E+000
         vertex 9.150635E-001 3.415064E+000 3.535534E+000
      endloop
   endfacet
   facet normal 9.850024E-002 7.481836E-001 6.561394E-001
      outer loop
         vertex 2.164819E-016 3.535534E+000 3.535534E+000
         vertex 9.150635E-001 3.415064E+000 3.535534E+000
         vertex 1.026675E+000 3.831602E+000 3.043807E+000
      endloop
   endfacet
   facet normal 9.850024E-002 7.481836E-001 6.561394E-001
      outer loop
         vertex 1.026675E+000 3.831602E+000 3.043807E+000
         vertex 2.428864E-016 3.966767E+000 3.043807E+000
         vertex 2.164819E-016 3.535534E+000 3.535534E+000
      endloop
   endfacet
   facet normal -9.850024E-002 7.481836E-001 6.561394E-001
      outer loop
         vertex -9.150635E-001 3.415064E+000 3.535534E+000
         vertex 2.164819E-016 3.535534E+000 3.535534E+000
         vertex 2.428864E-016 3.966767E+000 3.043807E+000
      endloop
   endfacet
   facet normal -9.850024E-002 7.481836E-001 6.561394E-001
      outer loop
         vertex 2.428864E-016 3.966767E+000 3.043807E+000
         vertex -1.026675E+000 3.831602E+000 3.043807E+000
         vertex -9.150635E-001 3.415064E+000 3.535534E+000
      endloop
   endfacet
   facet normal -2.887881E-001 6.971961E-001 6.561394E-001
      outer loop
         vertex -1.767767E+000 3.061862E+000 3.535534E+000
         vertex -9.150635E-001 3.415064E+000 3.535534E+000
         vertex -1.026675E+000 3.831602E+000 3.043807E+000
      endloop
   endfacet
   facet normal -2.887881E-001 6.971961E-001 6.561394E-001
      outer loop
         vertex -1.026675E+000 3.831602E+000 3.043807E+000
         vertex -1.983383E+000 3.435321E+000 3.043807E+000
         vertex -1.767767E+000 3.061862E+000 3.535534E+000
      endloop
   endfacet
   facet normal -4.593955E-001 5.986959E-001 6.561394E-001
      outer loop
         vertex -2.500000E+000 2.500000E+000 3.535534E+000
         vertex -1.767767E+000 3.061862E+000 3.535534E+000
         vertex -1.983383E+000 3.435321E+000 3.043807E+000
      endloop
   endfacet
   facet normal -4.593955E-001 5.986959E-001 6.561394E-001
      outer loop
         vertex -1.983383E+000 3.435321E+000 3.043807E+000
         vertex -2.804928E+000 2.804928E+000 3.043807E+000
         vertex -2.500000E+000 2.500000E+000 3.535534E+000
      endloop
   endfacet
   facet normal -5.986959E-001 4.593955E-001 6.561394E-001
      outer loop
         vertex -3.061862E+000 1.767767E+000 3.535534E+000
         vertex -2.500000E+000 2.500000E+000 3.535534E+000
         vertex -2.804928E+000 2.804928E+000 3.043807E+000
      endloop
   endfacet
   facet normal -5.986959E-001 4.593955E-001 6.561394E-001
      outer loop
         vertex -2.804928E+000 2.804928E+000 3.043807E+000
         vertex -3.435321E+000 1.983383E+000 3.043807E+000
         vertex -3.061862E+000 1.767767E+000 3.535534E+000
      endloop
   endfacet
   facet normal -6.971961E-001 2.887881E-001 6.561394E-001
      outer loop
         vertex -3.415064E+000 9.150635E-001 3.535534E+000
         vertex -3.061862E+000 1.767767E+000 3.535534E+000
         vertex -3.435321E+000 1.983383E+000 3.043807E+000
      endloop
   endfacet
   facet normal -6.971961E-001 2.887881E-001 6.561394E-001
      outer loop
         vertex -3.435321E+000 1.983383E+000 3.043807E+000
         vertex -3.831602E+000 1.026675E+000 3.043807E+000
         vertex -3.415064E+000 9.150635E-001 3.535534E+000
      endloop
   endfacet
   facet normal -7.481836E-001 9.850024E-002 6.561394E-001
      outer loop
         vertex -3.535534E+000 4.329637E-016 3.535534E+000
         vertex -3.415064E+000 9.150635E-001 3.535534E+000
         vertex -3.831602E+000 1.026675E+000 3.043807E+000
      endloop
   endfacet
   facet normal -7.481836E-001 9.850024E-002 6.561394E-001
      outer loop
         vertex -3.831602E+000 1.026675E+000 3.043807E+000
         vertex -3.966767E+000 4.857728E-016 3.043807E+000
         vertex -3.535534E+000 4.329637E-016 3.535534E+000
      endloop
   endfacet
   facet normal -7.481836E-001 -9.850024E-002 6.561394E-001
      outer loop
         vertex -3.415064E+000 -9.150635E-001 3.535534E+000
         vertex -3.535534E+000 4.329637E-016 3.535534E+000
         vertex -3.966767E+000 4.857728E-016 3.043807E+000
      endloop
   endfacet
   facet normal -7.481836E-001 -9.850024E-002 6.561394E-001
      outer loop
         vertex -3.966767E+000 4.857728E-016 3.043807E+000
         vertex -3.831602E+000 -1.026675E+000 3.043807E+000
         vertex -3.415064E+000 -9.150635E-001 3.535534E+000
      endloop
   endfacet
   facet normal -6.971961E-001 -2.887881E-001 6.561394E-001
      outer loop
         vertex -3.061862E+000 -1.767767E+000 3.535534E+000
         vertex -3.415064E+000 -9.150635E-001 3.535534E+000
         vertex -3.831602E+000 -1.026675E+000 3.043807E+000
      endloop
   endfacet
   facet normal -6.971961E-001 -2.887881E-001 6.561394E-001
      outer loop
         vertex -3.831602E+000 -1.026675E+000 3.043807E+000
         vertex -3.435321E+000 -1.983383E+000 3.043807E+000
         vertex -3.061862E+000 -1.767767E+000 3.535534E+000
      endloop
   endfacet
   facet normal -5.986959E-001 -4.593955E-001 6.561394E-001
      outer loop
         vertex -2.500000E+000 -2.500000E+000 3.535534E+000
         vertex -3.061862E+000 -1.767767E+000 3.535534E+000
         vertex -3.435321E+000 -1.983383E+000 3.043807E+000
      endloop
   endfacet
   facet normal -5.986959E-001 -4.593955E-001 6.561394E-001
      outer loop
         vertex -3.435321E+000 -1.983383E+000 3.043807E+000
         vertex -2.804928E+000 -2.804928E+000 3.043807E+000
         vertex -2.500000E+000 -2.500000E+000 3.535534E+000
      endloop
   endfacet
   facet normal -4.593955E-001 -5.986959E-001 6.561394E-001
      outer loop
         vertex -1.767767E+000 -3.061862E+000 3.535534E+000
         vertex -2.500000E+000 -2.500000E+000 3.535534E+000
         vertex -2.804928E+000 -2.804928E+000 3.043807E+000
      endloop
   endfacet
   facet normal -4.593955E-001 -5.986959E-001 6.561394E-001
      outer loop
         vertex -2.804928E+000 -2.804928E+000 3.043807E+000
         vertex -1.983383E+000 -3.435321E+000 3.043807E+000
         vertex -1.767767E+000 -3.061862E+000 3.535534E+000
      endloop
   endfacet
   facet normal -2.887881E-001 -6.971961E-001 6.561394E-001
      outer loop
         vertex -9.150635E-001 -3.415064E+000 3.535534E+000
         vertex -1.767767E+000 -3.061862E+000 3.535534E+000
         vertex -1.983383E+000 -3.435321E+000 3.043807E+000
      endloop
   endfacet
   facet normal -2.887881E-001 -6.971961E-001 6.561394E-001
      outer loop
         vertex -1.983383E+000 -3.435321E+000 3.043807E+000
         vertex -1.026675E+000 -3.831602E+000 3.043807E+000
         vertex -9.150635E-001 -3.415064E+000 3.535534E+000
      endloop
   endfacet
   facet normal -9.850024E-002 -7.481836E-001 6.561394E-001
      outer loop
         vertex -6.494456E-016 -3.535534E+000 3.535534E+000
         vertex -9.150635E-001 -3.415064E+000 3.535534E+000
         vertex -1.026675E+000 -3.831602E+000 3.043807E+000
      endloop
   endfacet
   facet normal -9.850024E-002 -7.481836E-001 6.561394E-001
      outer loop
         vertex -1.026675E+000 -3.831602E+000 3.043807E+000
         vertex -7.286591E-016 -3.966767E+000 3.043807E+000
         vertex -6.494456E-016 -3.535534E+000 3.535534E+000
      endloop
   endfacet
   facet normal 9.850024E-002 -7.481836E-001 6.561394E-001
      outer loop
         vertex 9.150635E-001 -3.415064E+000 3.535534E+000
         vertex -6.494456E-016 -3.535534E+000 3.535534E+000
         vertex -7.286591E-016 -3.966767E+000 3.043807E+000
      endloop
   endfacet
   facet normal 9.850024E-002 -7.481836E-001 6.561394E-001
      outer loop
         vertex -7.286591E-016 -3.966767E+000 3.043807E+000
         vertex 1.026675E+000 -3.831602E+000 3.043807E+000
         vertex 9.150635E-001 -3.415064E+000 3.535534E+000
      endloop
   endfacet
   facet normal 2.887881E-001 -6.971961E-001 6.561394E-001
      outer loop
         vertex 1.767767E+000 -3.061862E+000 3.535534E+000
         vertex 9.150635E-001 -3.415064E+000 3.535534E+000
         vertex 1.026675E+000 -3.831602E+000 3.043807E+000
      endloop
   endfacet
   facet normal 2.887881E-001 -6.971961E-001 6.561394E-001
      outer loop
         vertex 1.026675E+000 -3.831602E+000 3.043807E+000
         vertex 1.983383E+000 -3.435321E+000 3.043807E+000
         vertex 1.767767E+000 -3.061862E+000 3.535534E+000
      endloop
   endfacet
   facet normal 4.593955E-001 -5.986959E-001 6.561394E-001
      outer loop
         vertex 2.500000E+000 -2.500000E+000 3.535534E+000
         vertex 1.767767E+000 -3.061862E+000 3.535534E+000
         vertex 1.983383E+000 -3.435321E+000 3.043807E+000
      endloop
   endfacet
   facet normal 4.593955E-001 -5.986959E-001 6.561394E-001
      outer loop
         vertex 1.983383E+000 -3.435321E+000 3.043807E+000
         vertex 2.804928E+000 -2.804928E+000 3.043807E+000
         vertex 2.500000E+000 -2.500000E+000 3.535534E+000
      endloop
   endfacet
   facet normal 5.986959E-001 -4.593955E-001 6.561394E-001
      outer loop
         vertex 3.061862E+000 -1.767767E+000 3.535534E+000
         vertex 2.500000E+000 -2.500000E+000 3.535534E+000
         vertex 2.804928E+000 -2.804928E+000 3.043807E+000
      endloop
   endfacet
   facet normal 5.986959E-001 -4.593955E-001 6.561394E-001
      outer loop
         vertex 2.804928E+000 -2.804928E+000 3.043807E+000
         vertex 3.435321E+000 -1.983383E+000 3.043807E+000
         vertex 3.061862E+000 -1.767767E+000 3.535534E+000
      endloop
   endfacet
   facet normal 6.971961E-001 -2.887881E-001 6.561394E-001
      outer loop
         vertex 3.415064E+000 -9.150635E-001 3.535534E+000
         vertex 3.061862E+000 -1.767767E+000 3.535534E+000
         vertex 3.435321E+000 -1.983383E+000 3.043807E+000
      endloop
   endfacet
   facet normal 6.971961E-001 -2.887881E-001 6.561394E-001
      outer loop
         vertex 3.435321E+000 -1.983383E+000 3.043807E+000
         vertex 3.831602E+000 -1.026675E+000 3.043807E+000
         vertex 3.415064E+000 -9.150635E-001 3.535534E+000
      endloop
   endfacet
   facet normal 7.481836E-001 -9.850024E-002 6.561394E-001
      outer loop
         vertex 3.535534E+000 -8.659274E-016 3.535534E+000
         vertex 3.415064E+000 -9.150635E-001 3.535534E+000
         vertex 3.831602E+000 -1.026675E+000 3.043807E+000
      endloop
   endfacet
   facet normal 7.481836E-001 -9.850024E-002 6.561394E-001
      outer loop
         vertex 3.831602E+000 -1.026675E+000 3.043807E+000
         vertex 3.966767E+000 -9.715455E-016 3.043807E+000
         vertex 3.535534E+000 -8.659274E-016 3.535534E+000
      endloop
   endfacet
   facet normal 6.568757E-001 8.647932E-002 7.490231E-001
      outer loop
         vertex 2.940092E+000 7.877952E-001 3.966767E+000
         vertex 3.043807E+000 0.000000E+000 3.966767E+000
         vertex 3.535534E+000 0.000000E+000 3.535534E+000
      endloop
   endfacet
   facet normal 6.568757E-001 8.647932E-002 7.490231E-001
      outer loop
         vertex 3.535534E+000 0.000000E+000 3.535534E+000
         vertex 3.415064E+000 9.150635E-001 3.535534E+000
         vertex 2.940092E+000 7.877952E-001 3.966767E+000
      endloop
   endfacet
   facet normal 6.121107E-001 2.535445E-001 7.490231E-001
      outer loop
         vertex 2.636014E+000 1.521904E+000 3.966767E+000
         vertex 2.940092E+000 7.877952E-001 3.966767E+000
         vertex 3.415064E+000 9.150635E-001 3.535534E+000
      endloop
   endfacet
   facet normal 6.121107E-001 2.535445E-001 7.490231E-001
      outer loop
         vertex 3.415064E+000 9.150635E-001 3.535534E+000
         vertex 3.061862E+000 1.767767E+000 3.535534E+000
         vertex 2.636014E+000 1.521904E+000 3.966767E+000
      endloop
   endfacet
   facet normal 5.256314E-001 4.033311E-001 7.490231E-001
      outer loop
         vertex 2.152297E+000 2.152297E+000 3.966767E+000
         vertex 2.636014E+000 1.521904E+000 3.966767E+000
         vertex 3.061862E+000 1.767767E+000 3.535534E+000
      endloop
   endfacet
   facet normal 5.256314E-001 4.033311E-001 7.490231E-001
      outer loop
         vertex 3.061862E+000 1.767767E+000 3.535534E+000
         vertex 2.500000E+000 2.500000E+000 3.535534E+000
         vertex 2.152297E+000 2.152297E+000 3.966767E+000
      endloop
   endfacet
   facet normal 4.033311E-001 5.256314E-001 7.490231E-001
      outer loop
         vertex 1.521904E+000 2.636014E+000 3.966767E+000
         vertex 2.152297E+000 2.152297E+000 3.966767E+000
         vertex 2.500000E+000 2.500000E+000 3.535534E+000
      endloop
   endfacet
   facet normal 4.033311E-001 5.256314E-001 7.490231E-001
      outer loop
         vertex 2.500000E+000 2.500000E+000 3.535534E+000
         vertex 1.767767E+000 3.061862E+000 3.535534E+000
         vertex 1.521904E+000 2.636014E+000 3.966767E+000
      endloop
   endfacet
   facet normal 2.535445E-001 6.121107E-001 7.490231E-001
      outer loop
         vertex 7.877952E-001 2.940092E+000 3.966767E+000
         vertex 1.521904E+000 2.636014E+000 3.966767E+000
         vertex 1.767767E+000 3.061862E+000 3.535534E+000
      endloop
   endfacet
   facet normal 2.535445E-001 6.121107E-001 7.490231E-001
      outer loop
         vertex 1.767767E+000 3.061862E+000 3.535534E+000
         vertex 9.150635E-001 3.415064E+000 3.535534E+000
         vertex 7.877952E-001 2.940092E+000 3.966767E+000
      endloop
   endfacet
   facet normal 8.647932E-002 6.568757E-001 7.490231E-001
      outer loop
         vertex 1.863733E-016 3.043807E+000 3.966767E+000
         vertex 7.877952E-001 2.940092E+000 3.966767E+000
         vertex 9.150635E-001 3.415064E+000 3.535534E+000
      endloop
   endfacet
   facet normal 8.647932E-002 6.568757E-001 7.490231E-001
      outer loop
         vertex 9.150635E-001 3.415064E+000 3.535534E+000
         vertex 2.164819E-016 3.535534E+000 3.535534E+000
         vertex 1.863733E-016 3.043807E+000 3.966767E+000
      endloop
   endfacet
   facet normal -8.647932E-002 6.568757E-001 7.490231E-001
      outer loop
         vertex -7.877952E-001 2.940092E+000 3.966767E+000
         vertex 1.863733E-016 3.043807E+000 3.966767E+000
         vertex 2.164819E-016 3.535534E+000 3.535534E+000
      endloop
   endfacet
   facet normal -8.647932E-002 6.568757E-001 7.490231E-001
      outer loop
         vertex 2.164819E-016 3.535534E+000 3.535534E+000
         vertex -9.150635E-001 3.415064E+000 3.535534E+000
         vertex -7.877952E-001 2.940092E+000 3.966767E+000
      endloop
   endfacet
   facet normal -2.535445E-001 6.121107E-001 7.490231E-001
      outer loop
         vertex -1.521904E+000 2.636014E+000 3.966767E+000
         vertex -7.877952E-001 2.940092E+000 3.966767E+000
         vertex -9.150635E-001 3.415064E+000 3.535534E+000
      endloop
   endfacet
   facet normal -2.535445E-001 6.121107E-001 7.490231E-001
      outer loop
         vertex -9.150635E-001 3.415064E+000 3.535534E+000
         vertex -1.767767E+000 3.061862E+000 3.535534E+000
         vertex -1.521904E+000 2.636014E+000 3.966767E+000
      endloop
   endfacet
   facet normal -4.033311E-001 5.256314E-001 7.490231E-001
      outer loop
         vertex -2.152297E+000 2.152297E+000 3.966767E+000
         vertex -1.521904E+000 2.636014E+000 3.966767E+000
         vertex -1.767767E+000 3.061862E+000 3.535534E+000
      endloop
   endfacet
   facet normal -4.033311E-001 5.256314E-001 7.490231E-001
      outer loop
         vertex -1.767767E+000 3.061862E+000 3.535534E+000
         vertex -2.500000E+000 2.500000E+000 3.535534E+000
         vertex -2.152297E+000 2.152297E+000 3.966767E+000
      endloop
   endfacet
   facet normal -5.256314E-001 4.033311E-001 7.490231E-001
      outer loop
         vertex -2.636014E+000 1.521904E+000 3.966767E+000
         vertex -2.152297E+000 2.152297E+000 3.966767E+000
         vertex -2.500000E+000 2.500000E+000 3.535534E+000
      endloop
   endfacet
   facet normal -5.256314E-001 4.033311E-001 7.490231E-001
      outer loop
         vertex -2.500000E+000 2.500000E+000 3.535534E+000
         vertex -3.061862E+000 1.767767E+000 3.535534E+000
         vertex -2.636014E+000 1.521904E+000 3.966767E+000
      endloop
   endfacet
   facet normal -6.121107E-001 2.535445E-001 7.490231E-001
      outer loop
         vertex -2.940092E+000 7.877952E-001 3.966767E+000
         vertex -2.636014E+000 1.521904E+000 3.966767E+000
         vertex -3.061862E+000 1.767767E+000 3.535534E+000
      endloop
   endfacet
   facet normal -6.121107E-001 2.535445E-001 7.490231E-001
      outer loop
         vertex -3.061862E+000 1.767767E+000 3.535534E+000
         vertex -3.415064E+000 9.150635E-001 3.535534E+000
         vertex -2.940092E+000 7.877952E-001 3.966767E+000
      endloop
   endfacet
   facet normal -6.568757E-001 8.647932E-002 7.490231E-001
      outer loop
         vertex -3.043807E+000 3.727466E-016 3.966767E+000
         vertex -2.940092E+000 7.877952E-001 3.966767E+000
         vertex -3.415064E+000 9.150635E-001 3.535534E+000
      endloop
   endfacet
   facet normal -6.568757E-001 8.647932E-002 7.490231E-001
      outer loop
         vertex -3.415064E+000 9.150635E-001 3.535534E+000
         vertex -3.535534E+000 4.329637E-016 3.535534E+000
         vertex -3.043807E+000 3.727466E-016 3.966767E+000
      endloop
   endfacet
   facet normal -6.568757E-001 -8.647932E-002 7.490231E-001
      outer loop
         vertex -2.940092E+000 -7.877952E-001 3.966767E+000
         vertex -3.043807E+000 3.727466E-016 3.966767E+000
         vertex -3.535534E+000 4.329637E-016 3.535534E+000
      endloop
   endfacet
   facet normal -6.568757E-001 -8.647932E-002 7.490231E-001
      outer loop
         vertex -3.535534E+000 4.329637E-016 3.535534E+000
         vertex -3.415064E+000 -9.150635E-001 3.535534E+000
         vertex -2.940092E+000 -7.877952E-001 3.966767E+000
      endloop
   endfacet
   facet normal -6.121107E-001 -2.535445E-001 7.490231E-001
      outer loop
         vertex -2.636014E+000 -1.521904E+000 3.966767E+000
         vertex -2.940092E+000 -7.877952E-001 3.966767E+000
         vertex -3.415064E+000 -9.150635E-001 3.535534E+000
      endloop
   endfacet
   facet normal -6.121107E-001 -2.535445E-001 7.490231E-001
      outer loop
         vertex -3.415064E+000 -9.150635E-001 3.535534E+000
         vertex -3.061862E+000 -1.767767E+000 3.535534E+000
         vertex -2.636014E+000 -1.521904E+000 3.966767E+000
      endloop
   endfacet
   facet normal -5.256314E-001 -4.033311E-001 7.490231E-001
      outer loop
         vertex -2.152297E+000 -2.152297E+000 3.966767E+000
         vertex -2.636014E+000 -1.521904E+000 3.966767E+000
         vertex -3.061862E+000 -1.767767E+000 3.535534E+000
      endloop
   endfacet
   facet normal -5.256314E-001 -4.033311E-001 7.490231E-001
      outer loop
         vertex -3.061862E+000 -1.767767E+000 3.535534E+000
         vertex -2.500000E+000 -2.500000E+000 3.535534E+000
         vertex -2.152297E+000 -2.152297E+000 3.966767E+000
      endloop
   endfacet
   facet normal -4.033311E-001 -5.256314E-001 7.490231E-001
      outer loop
         vertex -1.521904E+000 -2.636014E+000 3.966767E+000
         vertex -2.152297E+000 -2.152297E+000 3.966767E+000
         vertex -2.500000E+000 -2.500000E+000 3.535534E+000
      endloop
   endfacet
   facet normal -4.033311E-001 -5.256314E-001 7.490231E-001
      outer loop
         vertex -2.500000E+000 -2.500000E+000 3.535534E+000
         vertex -1.767767E+000 -3.061862E+000 3.535534E+000
         vertex -1.521904E+000 -2.636014E+000 3.966767E+000
      endloop
   endfacet
   facet normal -2.535445E-001 -6.121107E-001 7.490231E-001
      outer loop
         vertex -7.877952E-001 -2.940092E+000 3.966767E+000
         vertex -1.521904E+000 -2.636014E+000 3.966767E+000
         vertex -1.767767E+000 -3.061862E+000 3.535534E+000
      endloop
   endfacet
   facet normal -2.535445E-001 -6.121107E-001 7.490231E-001
      outer loop
         vertex -1.767767E+000 -3.061862E+000 3.535534E+000
         vertex -9.150635E-001 -3.415064E+000 3.535534E+000
         vertex -7.877952E-001 -2.940092E+000 3.966767E+000
      endloop
   endfacet
   facet normal -8.647932E-002 -6.568757E-001 7.490231E-001
      outer loop
         vertex -5.591198E-016 -3.043807E+000 3.966767E+000
         vertex -7.877952E-001 -2.940092E+000 3.966767E+000
         vertex -9.150635E-001 -3.415064E+000 3.535534E+000
      endloop
   endfacet
   facet normal -8.647932E-002 -6.568757E-001 7.490231E-001
      outer loop
         vertex -9.150635E-001 -3.415064E+000 3.535534E+000
         vertex -6.494456E-016 -3.535534E+000 3.535534E+000
         vertex -5.591198E-016 -3.043807E+000 3.966767E+000
      endloop
   endfacet
   facet normal 8.647932E-002 -6.568757E-001 7.490231E-001
      outer loop
         vertex 7.877952E-001 -2.940092E+000 3.966767E+000
         vertex -5.591198E-016 -3.043807E+000 3.966767E+000
         vertex -6.494456E-016 -3.535534E+000 3.535534E+000
      endloop
   endfacet
   facet normal 8.647932E-002 -6.568757E-001 7.490231E-001
      outer loop
         vertex -6.494456E-016 -3.535534E+000 3.535534E+000
         vertex 9.150635E-001 -3.415064E+000 3.535534E+000
         vertex 7.877952E-001 -2.940092E+000 3.966767E+000
      endloop
   endfacet
   facet normal 2.535445E-001 -6.121107E-001 7.490231E-001
      outer loop
         vertex 1.521904E+000 -2.636014E+000 3.966767E+000
         vertex 7.877952E-001 -2.940092E+000 3.966767E+000
         vertex 9.150635E-001 -3.415064E+000 3.535534E+000
      endloop
   endfacet
   facet normal 2.535445E-001 -6.121107E-001 7.490231E-001
      outer loop
         vertex 9.150635E-001 -3.415064E+000 3.535534E+000
         vertex 1.767767E+000 -3.061862E+000 3.535534E+000
         vertex 1.521904E+000 -2.636014E+000 3.966767E+000
      endloop
   endfacet
   facet normal 4.033311E-001 -5.256314E-001 7.490231E-001
      outer loop
         vertex 2.152297E+000 -2.152297E+000 3.966767E+000
         vertex 1.521904E+000 -2.636014E+000 3.966767E+000
         vertex 1.767767E+000 -3.061862E+000 3.535534E+000
      endloop
   endfacet
   facet normal 4.033311E-001 -5.256314E-001 7.490231E-001
      outer loop
         vertex 1.767767E+000 -3.061862E+000 3.535534E+000
         vertex 2.500000E+000 -2.500000E+000 3.535534E+000
         vertex 2.152297E+000 -2.152297E+000 3.966767E+000
      endloop
   endfacet
   facet normal 5.256314E-001 -4.033311E-001 7.490231E-001
      outer loop
         vertex 2.636014E+000 -1.521904E+000 3.966767E+000
         vertex 2.152297E+000 -2.152297E+000 3.966767E+000
         vertex 2.500000E+000 -2.500000E+000 3.535534E+000
      endloop
   endfacet
   facet normal 5.256314E-001 -4.033311E-001 7.490231E-001
      outer loop
         vertex 2.500000E+000 -2.500000E+000 3.535534E+000
         vertex 3.061862E+000 -1.767767E+000 3.535534E+000
         vertex 2.636014E+000 -1.521904E+000 3.966767E+000
      endloop
   endfacet
   facet normal 6.121107E-001 -2.535445E-001 7.490231E-001
      outer loop
         vertex 2.940092E+000 -7.877952E-001 3.966767E+000
         vertex 2.636014E+000 -1.521904E+000 3.966767E+000
         vertex 3.061862E+000 -1.767767E+000 3.535534E+000
      endloop
   endfacet
   facet normal 6.121107E-001 -2.535445E-001 7.490231E-001
      outer loop
         vertex 3.061862E+000 -1.767767E+000 3.535534E+000
         vertex 3.415064E+000 -9.150635E-001 3.535534E+000
         vertex 2.940092E+000 -7.877952E-001 3.966767E+000
      endloop
   endfacet
   facet normal 6.568757E-001 -8.647932E-002 7.490231E-001
      outer loop
         vertex 3.043807E+000 -7.454931E-016 3.966767E+000
         vertex 2.940092E+000 -7.877952E-001 3.966767E+000
         vertex 3.415064E+000 -9.150635E-001 3.535534E+000
      endloop
   endfacet
   facet normal 6.568757E-001 -8.647932E-002 7.490231E-001
      outer loop
         vertex 3.415064E+000 -9.150635E-001 3.535534E+000
         vertex 3.535534E+000 -8.659274E-016 3.535534E+000
         vertex 3.043807E+000 -7.454931E-016 3.966767E+000
      endloop
   endfacet
   facet normal 5.540901E-001 7.294735E-002 8.292544E-001
      outer loop
         vertex 2.414814E+000 6.470476E-001 4.330127E+000
         vertex 2.500000E+000 0.000000E+000 4.330127E+000
         vertex 3.043807E+000 0.000000E+000 3.966767E+000
      endloop
   endfacet
   facet normal 5.540901E-001 7.294735E-002 8.292544E-001
      outer loop
         vertex 3.043807E+000 0.000000E+000 3.966767E+000
         vertex 2.940092E+000 7.877952E-001 3.966767E+000
         vertex 2.414814E+000 6.470476E-001 4.330127E+000
      endloop
   endfacet
   facet normal 5.163298E-001 2.138708E-001 8.292544E-001
      outer loop
         vertex 2.165064E+000 1.250000E+000 4.330127E+000
         vertex 2.414814E+000 6.470476E-001 4.330127E+000
         vertex 2.940092E+000 7.877952E-001 3.966767E+000
      endloop
   endfacet
   facet normal 5.163298E-001 2.138708E-001 8.292544E-001
      outer loop
         vertex 2.940092E+000 7.877952E-001 3.966767E+000
         vertex 2.636014E+000 1.521904E+000 3.966767E+000
         vertex 2.165064E+000 1.250000E+000 4.330127E+000
      endloop
   endfacet
   facet normal 4.433824E-001 3.402193E-001 8.292544E-001
      outer loop
         vertex 1.767767E+000 1.767767E+000 4.330127E+000
         vertex 2.165064E+000 1.250000E+000 4.330127E+000
         vertex 2.636014E+000 1.521904E+000 3.966767E+000
      endloop
   endfacet
   facet normal 4.433824E-001 3.402193E-001 8.292544E-001
      outer loop
         vertex 2.636014E+000 1.521904E+000 3.966767E+000
         vertex 2.152297E+000 2.152297E+000 3.966767E+000
         vertex 1.767767E+000 1.767767E+000 4.330127E+000
      endloop
   endfacet
   facet normal 3.402193E-001 4.433824E-001 8.292544E-001
      outer loop
         vertex 1.250000E+000 2.165064E+000 4.330127E+000
         vertex 1.767767E+000 1.767767E+000 4.330127E+000
         vertex 2.152297E+000 2.152297E+000 3.966767E+000
      endloop
   endfacet
   facet normal 3.402193E-001 4.433824E-001 8.292544E-001
      outer loop
         vertex 2.152297E+000 2.152297E+000 3.966767E+000
         vertex 1.521904E+000 2.636014E+000 3.966767E+000
         vertex 1.250000E+000 2.165064E+000 4.330127E+000
      endloop
   endfacet
   facet normal 2.138708E-001 5.163298E-001 8.292544E-001
      outer loop
         vertex 6.470476E-001 2.414814E+000 4.330127E+000
         vertex 1.250000E+000 2.165064E+000 4.330127E+000
         vertex 1.521904E+000 2.636014E+000 3.966767E+000
      endloop
   endfacet
   facet normal 2.138708E-001 5.163298E-001 8.292544E-001
      outer loop
         vertex 1.521904E+000 2.636014E+000 3.966767E+000
         vertex 7.877952E-001 2.940092E+000 3.966767E+000
         vertex 6.470476E-001 2.414814E+000 4.330127E+000
      endloop
   endfacet
   facet normal 7.294735E-002 5.540901E-001 8.292544E-001
      outer loop
         vertex 1.530758E-016 2.500000E+000 4.330127E+000
         vertex 6.470476E-001 2.414814E+000 4.330127E+000
         vertex 7.877952E-001 2.940092E+000 3.966767E+000
      endloop
   endfacet
   facet normal 7.294735E-002 5.540901E-001 8.292544E-001
      outer loop
         vertex 7.877952E-001 2.940092E+000 3.966767E+000
         vertex 1.863733E-016 3.043807E+000 3.966767E+000
         vertex 1.530758E-016 2.500000E+000 4.330127E+000
      endloop
   endfacet
   facet normal -7.294735E-002 5.540901E-001 8.292544E-001
      outer loop
         vertex -6.470476E-001 2.414814E+000 4.330127E+000
         vertex 1.530758E-016 2.500000E+000 4.330127E+000
         vertex 1.863733E-016 3.043807E+000 3.966767E+000
      endloop
   endfacet
   facet normal -7.294735E-002 5.540901E-001 8.292544E-001
      outer loop
         vertex 1.863733E-016 3.043807E+000 3.966767E+000
         vertex -7.877952E-001 2.940092E+000 3.966767E+000
         vertex -6.470476E-001 2.414814E+000 4.330127E+000
      endloop
   endfacet
   facet normal -2.138708E-001 5.163298E-001 8.292544E-001
      outer loop
         vertex -1.250000E+000 2.165064E+000 4.330127E+000
         vertex -6.470476E-001 2.414814E+000 4.330127E+000
         vertex -7.877952E-001 2.940092E+000 3.966767E+000
      endloop
   endfacet
   facet normal -2.138708E-001 5.163298E-001 8.292544E-001
      outer loop
         vertex -7.877952E-001 2.940092E+000 3.966767E+000
         vertex -1.521904E+000 2.636014E+000 3.966767E+000
         vertex -1.250000E+000 2.165064E+000 4.330127E+000
      endloop
   endfacet
   facet normal -3.402193E-001 4.433824E-001 8.292544E-001
      outer loop
         vertex -1.767767E+000 1.767767E+000 4.330127E+000
         vertex -1.250000E+000 2.165064E+000 4.330127E+000
         vertex -1.521904E+000 2.636014E+000 3.966767E+000
      endloop
   endfacet
   facet normal -3.402193E-001 4.433824E-001 8.292544E-001
      outer loop
         vertex -1.521904E+000 2.636014E+000 3.966767E+000
         vertex -2.152297E+000 2.152297E+000 3.966767E+000
         vertex -1.767767E+000 1.767767E+000 4.330127E+000
      endloop
   endfacet
   facet normal -4.433824E-001 3.402193E-001 8.292544E-001
      outer loop
         vertex -2.165064E+000 1.250000E+000 4.330127E+000
         vertex -1.767767E+000 1.767767E+000 4.330127E+000
         vertex -2.152297E+000 2.152297E+000 3.966767E+000
      endloop
   endfacet
   facet normal -4.433824E-001 3.402193E-001 8.292544E-001
      outer loop
         vertex -2.152297E+000 2.152297E+000 3.966767E+000
         vertex -2.636014E+000 1.521904E+000 3.966767E+000
         vertex -2.165064E+000 1.250000E+000 4.330127E+000
      endloop
   endfacet
   facet normal -5.163298E-001 2.138708E-001 8.292544E-001
      outer loop
         vertex -2.414814E+000 6.470476E-001 4.330127E+000
         vertex -2.165064E+000 1.250000E+000 4.330127E+000
         vertex -2.636014E+000 1.521904E+000 3.966767E+000
      endloop
   endfacet
   facet normal -5.163298E-001 2.138708E-001 8.292544E-001
      outer loop
         vertex -2.636014E+000 1.521904E+000 3.966767E+000
         vertex -2.940092E+000 7.877952E-001 3.966767E+000
         vertex -2.414814E+000 6.470476E-001 4.330127E+000
      endloop
   endfacet
   facet normal -5.540901E-001 7.294735E-002 8.292544E-001
      outer loop
         vertex -2.500000E+000 3.061516E-016 4.330127E+000
         vertex -2.414814E+000 6.470476E-001 4.330127E+000
         vertex -2.940092E+000 7.877952E-001 3.966767E+000
      endloop
   endfacet
   facet normal -5.540901E-001 7.294735E-002 8.292544E-001
      outer loop
         vertex -2.940092E+000 7.877952E-001 3.966767E+000
         vertex -3.043807E+000 3.727466E-016 3.966767E+000
         vertex -2.500000E+000 3.061516E-016 4.330127E+000
      endloop
   endfacet
   facet normal -5.540901E-001 -7.294735E-002 8.292544E-001
      outer loop
         vertex -2.414814E+000 -6.470476E-001 4.330127E+000
         vertex -2.500000E+000 3.061516E-016 4.330127E+000
         vertex -3.043807E+000 3.727466E-016 3.966767E+000
      endloop
   endfacet
   facet normal -5.540901E-001 -7.294735E-002 8.292544E-001
      outer loop
         vertex -3.043807E+000 3.727466E-016 3.966767E+000
         vertex -2.940092E+000 -7.877952E-001 3.966767E+000
         vertex -2.414814E+000 -6.470476E-001 4.330127E+000
      endloop
   endfacet
   facet normal -5.163298E-001 -2.138708E-001 8.292544E-001
      outer loop
         vertex -2.165064E+000 -1.250000E+000 4.330127E+000
         vertex -2.414814E+000 -6.470476E-001 4.330127E+000
         vertex -2.940092E+000 -7.877952E-001 3.966767E+000
      endloop
   endfacet
   facet normal -5.163298E-001 -2.138708E-001 8.292544E-001
      outer loop
         vertex -2.940092E+000 -7.877952E-001 3.966767E+000
         vertex -2.636014E+000 -1.521904E+000 3.966767E+000
         vertex -2.165064E+000 -1.250000E+000 4.330127E+000
      endloop
   endfacet
   facet normal -4.433824E-001 -3.402193E-001 8.292544E-001
      outer loop
         vertex -1.767767E+000 -1.767767E+000 4.330127E+000
         vertex -2.165064E+000 -1.250000E+000 4.330127E+000
         vertex -2.636014E+000 -1.521904E+000 3.966767E+000
      endloop
   endfacet
   facet normal -4.433824E-001 -3.402193E-001 8.292544E-001
      outer loop
         vertex -2.636014E+000 -1.521904E+000 3.966767E+000
         vertex -2.152297E+000 -2.152297E+000 3.966767E+000
         vertex -1.767767E+000 -1.767767E+000 4.330127E+000
      endloop
   endfacet
   facet normal -3.402193E-001 -4.433824E-001 8.292544E-001
      outer loop
         vertex -1.250000E+000 -2.165064E+000 4.330127E+000
         vertex -1.767767E+000 -1.767767E+000 4.330127E+000
         vertex -2.152297E+000 -2.152297E+000 3.966767E+000
      endloop
   endfacet
   facet normal -3.402193E-001 -4.433824E-001 8.292544E-001
      outer loop
         vertex -2.152297E+000 -2.152297E+000 3.966767E+000
         vertex -1.521904E+000 -2.636014E+000 3.966767E+000
         vertex -1.250000E+000 -2.165064E+000 4.330127E+000
      endloop
   endfacet
   facet normal -2.138708E-001 -5.163298E-001 8.292544E-001
      outer loop
         vertex -6.470476E-001 -2.414814E+000 4.330127E+000
         vertex -1.250000E+000 -2.165064E+000 4.330127E+000
         vertex -1.521904E+000 -2.636014E+000 3.966767E+000
      endloop
   endfacet
   facet normal -2.138708E-001 -5.163298E-001 8.292544E-001
      outer loop
         vertex -1.521904E+000 -2.636014E+000 3.966767E+000
         vertex -7.877952E-001 -2.940092E+000 3.966767E+000
         vertex -6.470476E-001 -2.414814E+000 4.330127E+000
      endloop
   endfacet
   facet normal -7.294735E-002 -5.540901E-001 8.292544E-001
      outer loop
         vertex -4.592274E-016 -2.500000E+000 4.330127E+000
         vertex -6.470476E-001 -2.414814E+000 4.330127E+000
         vertex -7.877952E-001 -2.940092E+000 3.966767E+000
      endloop
   endfacet
   facet normal -7.294735E-002 -5.540901E-001 8.292544E-001
      outer loop
         vertex -7.877952E-001 -2.940092E+000 3.966767E+000
         vertex -5.591198E-016 -3.043807E+000 3.966767E+000
         vertex -4.592274E-016 -2.500000E+000 4.330127E+000
      endloop
   endfacet
   facet normal 7.294735E-002 -5.540901E-001 8.292544E-001
      outer loop
         vertex 6.470476E-001 -2.414814E+000 4.330127E+000
         vertex -4.592274E-016 -2.500000E+000 4.330127E+000
         vertex -5.591198E-016 -3.043807E+000 3.966767E+000
      endloop
   endfacet
   facet normal 7.294735E-002 -5.540901E-001 8.292544E-001
      outer loop
         vertex -5.591198E-016 -3.043807E+000 3.966767E+000
         vertex 7.877952E-001 -2.940092E+000 3.966767E+000
         vertex 6.470476E-001 -2.414814E+000 4.330127E+000
      endloop
   endfacet
   facet normal 2.138708E-001 -5.163298E-001 8.292544E-001
      outer loop
         vertex 1.250000E+000 -2.165064E+000 4.330127E+000
         vertex 6.470476E-001 -2.414814E+000 4.330127E+000
         vertex 7.877952E-001 -2.940092E+000 3.966767E+000
      endloop
   endfacet
   facet normal 2.138708E-001 -5.163298E-001 8.292544E-001
      outer loop
         vertex 7.877952E-001 -2.940092E+000 3.966767E+000
         vertex 1.521904E+000 -2.636014E+000 3.966767E+000
         vertex 1.250000E+000 -2.165064E+000 4.330127E+000
      endloop
   endfacet
   facet normal 3.402193E-001 -4.433824E-001 8.292544E-001
      outer loop
         vertex 1.767767E+000 -1.767767E+000 4.330127E+000
         vertex 1.250000E+000 -2.165064E+000 4.330127E+000
         vertex 1.521904E+000 -2.636014E+000 3.966767E+000
      endloop
   endfacet
   facet normal 3.402193E-001 -4.433824E-001 8.292544E-001
      outer loop
         vertex 1.521904E+000 -2.636014E+000 3.966767E+000
         vertex 2.152297E+000 -2.152297E+000 3.966767E+000
         vertex 1.767767E+000 -1.767767E+000 4.330127E+000
      endloop
   endfacet
   facet normal 4.433824E-001 -3.402193E-001 8.292544E-001
      outer loop
         vertex 2.165064E+000 -1.250000E+000 4.330127E+000
         vertex 1.767767E+000 -1.767767E+000 4.330127E+000
         vertex 2.152297E+000 -2.152297E+000 3.966767E+000
      endloop
   endfacet
   facet normal 4.433824E-001 -3.402193E-001 8.292544E-001
      outer loop
         vertex 2.152297E+000 -2.152297E+000 3.966767E+000
         vertex 2.636014E+000 -1.521904E+000 3.966767E+000
         vertex 2.165064E+000 -1.250000E+000 4.330127E+000
      endloop
   endfacet
   facet normal 5.163298E-001 -2.138708E-001 8.292544E-001
      outer loop
         vertex 2.414814E+000 -6.470476E-001 4.330127E+000
         vertex 2.165064E+000 -1.250000E+000 4.330127E+000
         vertex 2.636014E+000 -1.521904E+000 3.966767E+000
      endloop
   endfacet
   facet normal 5.163298E-001 -2.138708E-001 8.292544E-001
      outer loop
         vertex 2.636014E+000 -1.521904E+000 3.966767E+000
         vertex 2.940092E+000 -7.877952E-001 3.966767E+000
         vertex 2.414814E+000 -6.470476E-001 4.330127E+000
      endloop
   endfacet
   facet normal 5.540901E-001 -7.294735E-002 8.292544E-001
      outer loop
         vertex 2.500000E+000 -6.123032E-016 4.330127E+000
         vertex 2.414814E+000 -6.470476E-001 4.330127E+000
         vertex 2.940092E+000 -7.877952E-001 3.966767E+000
      endloop
   endfacet
   facet normal 5.540901E-001 -7.294735E-002 8.292544E-001
      outer loop
         vertex 2.940092E+000 -7.877952E-001 3.966767E+000
         vertex 3.043807E+000 -7.454931E-016 3.966767E+000
         vertex 2.500000E+000 -6.123032E-016 4.330127E+000
      endloop
   endfacet
   facet normal 4.415408E-001 5.812995E-002 8.953562E-001
      outer loop
         vertex 1.848219E+000 4.952288E-001 4.619398E+000
         vertex 1.913417E+000 0.000000E+000 4.619398E+000
         vertex 2.500000E+000 0.000000E+000 4.330127E+000
      endloop
   endfacet
   facet normal 4.415408E-001 5.812995E-002 8.953562E-001
      outer loop
         vertex 2.500000E+000 0.000000E+000 4.330127E+000
         vertex 2.414814E+000 6.470476E-001 4.330127E+000
         vertex 1.848219E+000 4.952288E-001 4.619398E+000
      endloop
   endfacet
   facet normal 4.114505E-001 1.704284E-001 8.953562E-001
      outer loop
         vertex 1.657068E+000 9.567086E-001 4.619398E+000
         vertex 1.848219E+000 4.952288E-001 4.619398E+000
         vertex 2.414814E+000 6.470476E-001 4.330127E+000
      endloop
   endfacet
   facet normal 4.114505E-001 1.704284E-001 8.953562E-001
      outer loop
         vertex 2.414814E+000 6.470476E-001 4.330127E+000
         vertex 2.165064E+000 1.250000E+000 4.330127E+000
         vertex 1.657068E+000 9.567086E-001 4.619398E+000
      endloop
   endfacet
   facet normal 3.533206E-001 2.711124E-001 8.953562E-001
      outer loop
         vertex 1.352990E+000 1.352990E+000 4.619398E+000
         vertex 1.657068E+000 9.567086E-001 4.619398E+000
         vertex 2.165064E+000 1.250000E+000 4.330127E+000
      endloop
   endfacet
   facet normal 3.533206E-001 2.711124E-001 8.953562E-001
      outer loop
         vertex 2.165064E+000 1.250000E+000 4.330127E+000
         vertex 1.767767E+000 1.767767E+000 4.330127E+000
         vertex 1.352990E+000 1.352990E+000 4.619398E+000
      endloop
   endfacet
   facet normal 2.711124E-001 3.533206E-001 8.953562E-001
      outer loop
         vertex 9.567086E-001 1.657068E+000 4.619398E+000
         vertex 1.352990E+000 1.352990E+000 4.619398E+000
         vertex 1.767767E+000 1.767767E+000 4.330127E+000
      endloop
   endfacet
   facet normal 2.711124E-001 3.533206E-001 8.953562E-001
      outer loop
         vertex 1.767767E+000 1.767767E+000 4.330127E+000
         vertex 1.250000E+000 2.165064E+000 4.330127E+000
         vertex 9.567086E-001 1.657068E+000 4.619398E+000
      endloop
   endfacet
   facet normal 1.704284E-001 4.114505E-001 8.953562E-001
      outer loop
         vertex 4.952288E-001 1.848219E+000 4.619398E+000
         vertex 9.567086E-001 1.657068E+000 4.619398E+000
         vertex 1.250000E+000 2.165064E+000 4.330127E+000
      endloop
   endfacet
   facet normal 1.704284E-001 4.114505E-001 8.953562E-001
      outer loop
         vertex 1.250000E+000 2.165064E+000 4.330127E+000
         vertex 6.470476E-001 2.414814E+000 4.330127E+000
         vertex 4.952288E-001 1.848219E+000 4.619398E+000
      endloop
   endfacet
   facet normal 5.812995E-002 4.415408E-001 8.953562E-001
      outer loop
         vertex 1.171591E-016 1.913417E+000 4.619398E+000
         vertex 4.952288E-001 1.848219E+000 4.619398E+000
         vertex 6.470476E-001 2.414814E+000 4.330127E+000
      endloop
   endfacet
   facet normal 5.812995E-002 4.415408E-001 8.953562E-001
      outer loop
         vertex 6.470476E-001 2.414814E+000 4.330127E+000
         vertex 1.530758E-016 2.500000E+000 4.330127E+000
         vertex 1.171591E-016 1.913417E+000 4.619398E+000
      endloop
   endfacet
   facet normal -5.812995E-002 4.415408E-001 8.953562E-001
      outer loop
         vertex -4.952288E-001 1.848219E+000 4.619398E+000
         vertex 1.171591E-016 1.913417E+000 4.619398E+000
         vertex 1.530758E-016 2.500000E+000 4.330127E+000
      endloop
   endfacet
   facet normal -5.812995E-002 4.415408E-001 8.953562E-001
      outer loop
         vertex 1.530758E-016 2.500000E+000 4.330127E+000
         vertex -6.470476E-001 2.414814E+000 4.330127E+000
         vertex -4.952288E-001 1.848219E+000 4.619398E+000
      endloop
   endfacet
   facet normal -1.704284E-001 4.114505E-001 8.953562E-001
      outer loop
         vertex -9.567086E-001 1.657068E+000 4.619398E+000
         vertex -4.952288E-001 1.848219E+000 4.619398E+000
         vertex -6.470476E-001 2.414814E+000 4.330127E+000
      endloop
   endfacet
   facet normal -1.704284E-001 4.114505E-001 8.953562E-001
      outer loop
         vertex -6.470476E-001 2.414814E+000 4.330127E+000
         vertex -1.250000E+000 2.165064E+000 4.330127E+000
         vertex -9.567086E-001 1.657068E+000 4.619398E+000
      endloop
   endfacet
   facet normal -2.711124E-001 3.533206E-001 8.953562E-001
      outer loop
         vertex -1.352990E+000 1.352990E+000 4.619398E+000
         vertex -9.567086E-001 1.657068E+000 4.619398E+000
         vertex -1.250000E+000 2.165064E+000 4.330127E+000
      endloop
   endfacet
   facet normal -2.711124E-001 3.533206E-001 8.953562E-001
      outer loop
         vertex -1.250000E+000 2.165064E+000 4.330127E+000
         vertex -1.767767E+000 1.767767E+000 4.330127E+000
         vertex -1.352990E+000 1.352990E+000 4.619398E+000
      endloop
   endfacet
   facet normal -3.533206E-001 2.711124E-001 8.953562E-001
      outer loop
         vertex -1.657068E+000 9.567086E-001 4.619398E+000
         vertex -1.352990E+000 1.352990E+000 4.619398E+000
         vertex -1.767767E+000 1.767767E+000 4.330127E+000
      endloop
   endfacet
   facet normal -3.533206E-001 2.711124E-001 8.953562E-001
      outer loop
         vertex -1.767767E+000 1.767767E+000 4.330127E+000
         vertex -2.165064E+000 1.250000E+000 4.330127E+000
         vertex -1.657068E+000 9.567086E-001 4.619398E+000
      endloop
   endfacet
   facet normal -4.114505E-001 1.704284E-001 8.953562E-001
      outer loop
         vertex -1.848219E+000 4.952288E-001 4.619398E+000
         vertex -1.657068E+000 9.567086E-001 4.619398E+000
         vertex -2.165064E+000 1.250000E+000 4.330127E+000
      endloop
   endfacet
   facet normal -4.114505E-001 1.704284E-001 8.953562E-001
      outer loop
         vertex -2.165064E+000 1.250000E+000 4.330127E+000
         vertex -2.414814E+000 6.470476E-001 4.330127E+000
         vertex -1.848219E+000 4.952288E-001 4.619398E+000
      endloop
   endfacet
   facet normal -4.415408E-001 5.812995E-002 8.953562E-001
      outer loop
         vertex -1.913417E+000 2.343183E-016 4.619398E+000
         vertex -1.848219E+000 4.952288E-001 4.619398E+000
         vertex -2.414814E+000 6.470476E-001 4.330127E+000
      endloop
   endfacet
   facet normal -4.415408E-001 5.812995E-002 8.953562E-001
      outer loop
         vertex -2.414814E+000 6.470476E-001 4.330127E+000
         vertex -2.500000E+000 3.061516E-016 4.330127E+000
         vertex -1.913417E+000 2.343183E-016 4.619398E+000
      endloop
   endfacet
   facet normal -4.415408E-001 -5.812995E-002 8.953562E-001
      outer loop
         vertex -1.848219E+000 -4.952288E-001 4.619398E+000
         vertex -1.913417E+000 2.343183E-016 4.619398E+000
         vertex -2.500000E+000 3.061516E-016 4.330127E+000
      endloop
   endfacet
   facet normal -4.415408E-001 -5.812995E-002 8.953562E-001
      outer loop
         vertex -2.500000E+000 3.061516E-016 4.330127E+000
         vertex -2.414814E+000 -6.470476E-001 4.330127E+000
         vertex -1.848219E+000 -4.952288E-001 4.619398E+000
      endloop
   endfacet
   facet normal -4.114505E-001 -1.704284E-001 8.953562E-001
      outer loop
         vertex -1.657068E+000 -9.567086E-001 4.619398E+000
         vertex -1.848219E+000 -4.952288E-001 4.619398E+000
         vertex -2.414814E+000 -6.470476E-001 4.330127E+000
      endloop
   endfacet
   facet normal -4.114505E-001 -1.704284E-001 8.953562E-001
      outer loop
         vertex -2.414814E+000 -6.470476E-001 4.330127E+000
         vertex -2.165064E+000 -1.250000E+000 4.330127E+000
         vertex -1.657068E+000 -9.567086E-001 4.619398E+000
      endloop
   endfacet
   facet normal -3.533206E-001 -2.711124E-001 8.953562E-001
      outer loop
         vertex -1.352990E+000 -1.352990E+000 4.619398E+000
         vertex -1.657068E+000 -9.567086E-001 4.619398E+000
         vertex -2.165064E+000 -1.250000E+000 4.330127E+000
      endloop
   endfacet
   facet normal -3.533206E-001 -2.711124E-001 8.953562E-001
      outer loop
         vertex -2.165064E+000 -1.250000E+000 4.330127E+000
         vertex -1.767767E+000 -1.767767E+000 4.330127E+000
         vertex -1.352990E+000 -1.352990E+000 4.619398E+000
      endloop
   endfacet
   facet normal -2.711124E-001 -3.533206E-001 8.953562E-001
      outer loop
         vertex -9.567086E-001 -1.657068E+000 4.619398E+000
         vertex -1.352990E+000 -1.352990E+000 4.619398E+000
         vertex -1.767767E+000 -1.767767E+000 4.330127E+000
      endloop
   endfacet
   facet normal -2.711124E-001 -3.533206E-001 8.953562E-001
      outer loop
         vertex -1.767767E+000 -1.767767E+000 4.330127E+000
         vertex -1.250000E+000 -2.165064E+000 4.330127E+000
         vertex -9.567086E-001 -1.657068E+000 4.619398E+000
      endloop
   endfacet
   facet normal -1.704284E-001 -4.114505E-001 8.953562E-001
      outer loop
         vertex -4.952288E-001 -1.848219E+000 4.619398E+000
         vertex -9.567086E-001 -1.657068E+000 4.619398E+000
         vertex -1.250000E+000 -2.165064E+000 4.330127E+000
      endloop
   endfacet
   facet normal -1.704284E-001 -4.114505E-001 8.953562E-001
      outer loop
         vertex -1.250000E+000 -2.165064E+000 4.330127E+000
         vertex -6.470476E-001 -2.414814E+000 4.330127E+000
         vertex -4.952288E-001 -1.848219E+000 4.619398E+000
      endloop
   endfacet
   facet normal -5.812995E-002 -4.415408E-001 8.953562E-001
      outer loop
         vertex -3.514774E-016 -1.913417E+000 4.619398E+000
         vertex -4.952288E-001 -1.848219E+000 4.619398E+000
         vertex -6.470476E-001 -2.414814E+000 4.330127E+000
      endloop
   endfacet
   facet normal -5.812995E-002 -4.415408E-001 8.953562E-001
      outer loop
         vertex -6.470476E-001 -2.414814E+000 4.330127E+000
         vertex -4.592274E-016 -2.500000E+000 4.330127E+000
         vertex -3.514774E-016 -1.913417E+000 4.619398E+000
      endloop
   endfacet
   facet normal 5.812995E-002 -4.415408E-001 8.953562E-001
      outer loop
         vertex 4.952288E-001 -1.848219E+000 4.619398E+000
         vertex -3.514774E-016 -1.913417E+000 4.619398E+000
         vertex -4.592274E-016 -2.500000E+000 4.330127E+000
      endloop
   endfacet
   facet normal 5.812995E-002 -4.415408E-001 8.953562E-001
      outer loop
         vertex -4.592274E-016 -2.500000E+000 4.330127E+000
         vertex 6.470476E-001 -2.414814E+000 4.330127E+000
         vertex 4.952288E-001 -1.848219E+000 4.619398E+000
      endloop
   endfacet
   facet normal 1.704284E-001 -4.114505E-001 8.953562E-001
      outer loop
         vertex 9.567086E-001 -1.657068E+000 4.619398E+000
         vertex 4.952288E-001 -1.848219E+000 4.619398E+000
         vertex 6.470476E-001 -2.414814E+000 4.330127E+000
      endloop
   endfacet
   facet normal 1.704284E-001 -4.114505E-001 8.953562E-001
      outer loop
         vertex 6.470476E-001 -2.414814E+000 4.330127E+000
         vertex 1.250000E+000 -2.165064E+000 4.330127E+000
         vertex 9.567086E-001 -1.657068E+000 4.619398E+000
      endloop
   endfacet
   facet normal 2.711124E-001 -3.533206E-001 8.953562E-001
      outer loop
         vertex 1.352990E+000 -1.352990E+000 4.619398E+000
         vertex 9.567086E-001 -1.657068E+000 4.619398E+000
         vertex 1.250000E+000 -2.165064E+000 4.330127E+000
      endloop
   endfacet
   facet normal 2.711124E-001 -3.533206E-001 8.953562E-001
      outer loop
         vertex 1.250000E+000 -2.165064E+000 4.330127E+000
         vertex 1.767767E+000 -1.767767E+000 4.330127E+000
         vertex 1.352990E+000 -1.352990E+000 4.619398E+000
      endloop
   endfacet
   facet normal 3.533206E-001 -2.711124E-001 8.953562E-001
      outer loop
         vertex 1.657068E+000 -9.567086E-001 4.619398E+000
         vertex 1.352990E+000 -1.352990E+000 4.619398E+000
         vertex 1.767767E+000 -1.767767E+000 4.330127E+000
      endloop
   endfacet
   facet normal 3.533206E-001 -2.711124E-001 8.953562E-001
      outer loop
         vertex 1.767767E+000 -1.767767E+000 4.330127E+000
         vertex 2.165064E+000 -1.250000E+000 4.330127E+000
         vertex 1.657068E+000 -9.567086E-001 4.619398E+000
      endloop
   endfacet
   facet normal 4.114505E-001 -1.704284E-001 8.953562E-001
      outer loop
         vertex 1.848219E+000 -4.952288E-001 4.619398E+000
         vertex 1.657068E+000 -9.567086E-001 4.619398E+000
         vertex 2.165064E+000 -1.250000E+000 4.330127E+000
      endloop
   endfacet
   facet normal 4.114505E-001 -1.704284E-001 8.953562E-001
      outer loop
         vertex 2.165064E+000 -1.250000E+000 4.330127E+000
         vertex 2.414814E+000 -6.470476E-001 4.330127E+000
         vertex 1.848219E+000 -4.952288E-001 4.619398E+000
      endloop
   endfacet
   facet normal 4.415408E-001 -5.812995E-002 8.953562E-001
      outer loop
         vertex 1.913417E+000 -4.686365E-016 4.619398E+000
         vertex 1.848219E+000 -4.952288E-001 4.619398E+000
         vertex 2.414814E+000 -6.470476E-001 4.330127E+000
      endloop
   endfacet
   facet normal 4.415408E-001 -5.812995E-002 8.953562E-001
      outer loop
         vertex 2.414814E+000 -6.470476E-001 4.330127E+000
         vertex 2.500000E+000 -6.123032E-016 4.330127E+000
         vertex 1.913417E+000 -4.686365E-016 4.619398E+000
      endloop
   endfacet
   facet normal 3.211520E-001 4.228047E-002 9.460834E-001
      outer loop
         vertex 1.250000E+000 3.349365E-001 4.829629E+000
         vertex 1.294095E+000 0.000000E+000 4.829629E+000
         vertex 1.913417E+000 0.000000E+000 4.619398E+000
      endloop
   endfacet
   facet normal 3.211520E-001 4.228047E-002 9.460834E-001
      outer loop
         vertex 1.913417E+000 0.000000E+000 4.619398E+000
         vertex 1.848219E+000 4.952288E-001 4.619398E+000
         vertex 1.250000E+000 3.349365E-001 4.829629E+000
      endloop
   endfacet
   facet normal 2.992660E-001 1.239601E-001 9.460834E-001
      outer loop
         vertex 1.120719E+000 6.470476E-001 4.829629E+000
         vertex 1.250000E+000 3.349365E-001 4.829629E+000
         vertex 1.848219E+000 4.952288E-001 4.619398E+000
      endloop
   endfacet
   facet normal 2.992660E-001 1.239601E-001 9.460834E-001
      outer loop
         vertex 1.848219E+000 4.952288E-001 4.619398E+000
         vertex 1.657068E+000 9.567086E-001 4.619398E+000
         vertex 1.120719E+000 6.470476E-001 4.829629E+000
      endloop
   endfacet
   facet normal 2.569856E-001 1.971920E-001 9.460834E-001
      outer loop
         vertex 9.150635E-001 9.150635E-001 4.829629E+000
         vertex 1.120719E+000 6.470476E-001 4.829629E+000
         vertex 1.657068E+000 9.567086E-001 4.619398E+000
      endloop
   endfacet
   facet normal 2.569856E-001 1.971920E-001 9.460834E-001
      outer loop
         vertex 1.657068E+000 9.567086E-001 4.619398E+000
         vertex 1.352990E+000 1.352990E+000 4.619398E+000
         vertex 9.150635E-001 9.150635E-001 4.829629E+000
      endloop
   endfacet
   facet normal 1.971920E-001 2.569856E-001 9.460834E-001
      outer loop
         vertex 6.470476E-001 1.120719E+000 4.829629E+000
         vertex 9.150635E-001 9.150635E-001 4.829629E+000
         vertex 1.352990E+000 1.352990E+000 4.619398E+000
      endloop
   endfacet
   facet normal 1.971920E-001 2.569856E-001 9.460834E-001
      outer loop
         vertex 1.352990E+000 1.352990E+000 4.619398E+000
         vertex 9.567086E-001 1.657068E+000 4.619398E+000
         vertex 6.470476E-001 1.120719E+000 4.829629E+000
      endloop
   endfacet
   facet normal 1.239601E-001 2.992660E-001 9.460834E-001
      outer loop
         vertex 3.349365E-001 1.250000E+000 4.829629E+000
         vertex 6.470476E-001 1.120719E+000 4.829629E+000
         vertex 9.567086E-001 1.657068E+000 4.619398E+000
      endloop
   endfacet
   facet normal 1.239601E-001 2.992660E-001 9.460834E-001
      outer loop
         vertex 9.567086E-001 1.657068E+000 4.619398E+000
         vertex 4.952288E-001 1.848219E+000 4.619398E+000
         vertex 3.349365E-001 1.250000E+000 4.829629E+000
      endloop
   endfacet
   facet normal 4.228047E-002 3.211520E-001 9.460834E-001
      outer loop
         vertex 7.923786E-017 1.294095E+000 4.829629E+000
         vertex 3.349365E-001 1.250000E+000 4.829629E+000
         vertex 4.952288E-001 1.848219E+000 4.619398E+000
      endloop
   endfacet
   facet normal 4.228047E-002 3.211520E-001 9.460834E-001
      outer loop
         vertex 4.952288E-001 1.848219E+000 4.619398E+000
         vertex 1.171591E-016 1.913417E+000 4.619398E+000
         vertex 7.923786E-017 1.294095E+000 4.829629E+000
      endloop
   endfacet
   facet normal -4.228047E-002 3.211520E-001 9.460834E-001
      outer loop
         vertex -3.349365E-001 1.250000E+000 4.829629E+000
         vertex 7.923786E-017 1.294095E+000 4.829629E+000
         vertex 1.171591E-016 1.913417E+000 4.619398E+000
      endloop
   endfacet
   facet normal -4.228047E-002 3.211520E-001 9.460834E-001
      outer loop
         vertex 1.171591E-016 1.913417E+000 4.619398E+000
         vertex -4.952288E-001 1.848219E+000 4.619398E+000
         vertex -3.349365E-001 1.250000E+000 4.829629E+000
      endloop
   endfacet
   facet normal -1.239601E-001 2.992660E-001 9.460834E-001
      outer loop
         vertex -6.470476E-001 1.120719E+000 4.829629E+000
         vertex -3.349365E-001 1.250000E+000 4.829629E+000
         vertex -4.952288E-001 1.848219E+000 4.619398E+000
      endloop
   endfacet
   facet normal -1.239601E-001 2.992660E-001 9.460834E-001
      outer loop
         vertex -4.952288E-001 1.848219E+000 4.619398E+000
         vertex -9.567086E-001 1.657068E+000 4.619398E+000
         vertex -6.470476E-001 1.120719E+000 4.829629E+000
      endloop
   endfacet
   facet normal -1.971920E-001 2.569856E-001 9.460834E-001
      outer loop
         vertex -9.150635E-001 9.150635E-001 4.829629E+000
         vertex -6.470476E-001 1.120719E+000 4.829629E+000
         vertex -9.567086E-001 1.657068E+000 4.619398E+000
      endloop
   endfacet
   facet normal -1.971920E-001 2.569856E-001 9.460834E-001
      outer loop
         vertex -9.567086E-001 1.657068E+000 4.619398E+000
         vertex -1.352990E+000 1.352990E+000 4.619398E+000
         vertex -9.150635E-001 9.150635E-001 4.829629E+000
      endloop
   endfacet
   facet normal -2.569856E-001 1.971920E-001 9.460834E-001
      outer loop
         vertex -1.120719E+000 6.470476E-001 4.829629E+000
         vertex -9.150635E-001 9.150635E-001 4.829629E+000
         vertex -1.352990E+000 1.352990E+000 4.619398E+000
      endloop
   endfacet
   facet normal -2.569856E-001 1.971920E-001 9.460834E-001
      outer loop
         vertex -1.352990E+000 1.352990E+000 4.619398E+000
         vertex -1.657068E+000 9.567086E-001 4.619398E+000
         vertex -1.120719E+000 6.470476E-001 4.829629E+000
      endloop
   endfacet
   facet normal -2.992660E-001 1.239601E-001 9.460834E-001
      outer loop
         vertex -1.250000E+000 3.349365E-001 4.829629E+000
         vertex -1.120719E+000 6.470476E-001 4.829629E+000
         vertex -1.657068E+000 9.567086E-001 4.619398E+000
      endloop
   endfacet
   facet normal -2.992660E-001 1.239601E-001 9.460834E-001
      outer loop
         vertex -1.657068E+000 9.567086E-001 4.619398E+000
         vertex -1.848219E+000 4.952288E-001 4.619398E+000
         vertex -1.250000E+000 3.349365E-001 4.829629E+000
      endloop
   endfacet
   facet normal -3.211520E-001 4.228047E-002 9.460834E-001
      outer loop
         vertex -1.294095E+000 1.584757E-016 4.829629E+000
         vertex -1.250000E+000 3.349365E-001 4.829629E+000
         vertex -1.848219E+000 4.952288E-001 4.619398E+000
      endloop
   endfacet
   facet normal -3.211520E-001 4.228047E-002 9.460834E-001
      outer loop
         vertex -1.848219E+000 4.952288E-001 4.619398E+000
         vertex -1.913417E+000 2.343183E-016 4.619398E+000
         vertex -1.294095E+000 1.584757E-016 4.829629E+000
      endloop
   endfacet
   facet normal -3.211520E-001 -4.228047E-002 9.460834E-001
      outer loop
         vertex -1.250000E+000 -3.349365E-001 4.829629E+000
         vertex -1.294095E+000 1.584757E-016 4.829629E+000
         vertex -1.913417E+000 2.343183E-016 4.619398E+000
      endloop
   endfacet
   facet normal -3.211520E-001 -4.228047E-002 9.460834E-001
      outer loop
         vertex -1.913417E+000 2.343183E-016 4.619398E+000
         vertex -1.848219E+000 -4.952288E-001 4.619398E+000
         vertex -1.250000E+000 -3.349365E-001 4.829629E+000
      endloop
   endfacet
   facet normal -2.992660E-001 -1.239601E-001 9.460834E-001
      outer loop
         vertex -1.120719E+000 -6.470476E-001 4.829629E+000
         vertex -1.250000E+000 -3.349365E-001 4.829629E+000
         vertex -1.848219E+000 -4.952288E-001 4.619398E+000
      endloop
   endfacet
   facet normal -2.992660E-001 -1.239601E-001 9.460834E-001
      outer loop
         vertex -1.848219E+000 -4.952288E-001 4.619398E+000
         vertex -1.657068E+000 -9.567086E-001 4.619398E+000
         vertex -1.120719E+000 -6.470476E-001 4.829629E+000
      endloop
   endfacet
   facet normal -2.569856E-001 -1.971920E-001 9.460834E-001
      outer loop
         vertex -9.150635E-001 -9.150635E-001 4.829629E+000
         vertex -1.120719E+000 -6.470476E-001 4.829629E+000
         vertex -1.657068E+000 -9.567086E-001 4.619398E+000
      endloop
   endfacet
   facet normal -2.569856E-001 -1.971920E-001 9.460834E-001
      outer loop
         vertex -1.657068E+000 -9.567086E-001 4.619398E+000
         vertex -1.352990E+000 -1.352990E+000 4.619398E+000
         vertex -9.150635E-001 -9.150635E-001 4.829629E+000
      endloop
   endfacet
   facet normal -1.971920E-001 -2.569856E-001 9.460834E-001
      outer loop
         vertex -6.470476E-001 -1.120719E+000 4.829629E+000
         vertex -9.150635E-001 -9.150635E-001 4.829629E+000
         vertex -1.352990E+000 -1.352990E+000 4.619398E+000
      endloop
   endfacet
   facet normal -1.971920E-001 -2.569856E-001 9.460834E-001
      outer loop
         vertex -1.352990E+000 -1.352990E+000 4.619398E+000
         vertex -9.567086E-001 -1.657068E+000 4.619398E+000
         vertex -6.470476E-001 -1.120719E+000 4.829629E+000
      endloop
   endfacet
   facet normal -1.239601E-001 -2.992660E-001 9.460834E-001
      outer loop
         vertex -3.349365E-001 -1.250000E+000 4.829629E+000
         vertex -6.470476E-001 -1.120719E+000 4.829629E+000
         vertex -9.567086E-001 -1.657068E+000 4.619398E+000
      endloop
   endfacet
   facet normal -1.239601E-001 -2.992660E-001 9.460834E-001
      outer loop
         vertex -9.567086E-001 -1.657068E+000 4.619398E+000
         vertex -4.952288E-001 -1.848219E+000 4.619398E+000
         vertex -3.349365E-001 -1.250000E+000 4.829629E+000
      endloop
   endfacet
   facet normal -4.228047E-002 -3.211520E-001 9.460834E-001
      outer loop
         vertex -2.377136E-016 -1.294095E+000 4.829629E+000
         vertex -3.349365E-001 -1.250000E+000 4.829629E+000
         vertex -4.952288E-001 -1.848219E+000 4.619398E+000
      endloop
   endfacet
   facet normal -4.228047E-002 -3.211520E-001 9.460834E-001
      outer loop
         vertex -4.952288E-001 -1.848219E+000 4.619398E+000
         vertex -3.514774E-016 -1.913417E+000 4.619398E+000
         vertex -2.377136E-016 -1.294095E+000 4.829629E+000
      endloop
   endfacet
   facet normal 4.228047E-002 -3.211520E-001 9.460834E-001
      outer loop
         vertex 3.349365E-001 -1.250000E+000 4.829629E+000
         vertex -2.377136E-016 -1.294095E+000 4.829629E+000
         vertex -3.514774E-016 -1.913417E+000 4.619398E+000
      endloop
   endfacet
   facet normal 4.228047E-002 -3.211520E-001 9.460834E-001
      outer loop
         vertex -3.514774E-016 -1.913417E+000 4.619398E+000
         vertex 4.952288E-001 -1.848219E+000 4.619398E+000
         vertex 3.349365E-001 -1.250000E+000 4.829629E+000
      endloop
   endfacet
   facet normal 1.239601E-001 -2.992660E-001 9.460834E-001
      outer loop
         vertex 6.470476E-001 -1.120719E+000 4.829629E+000
         vertex 3.349365E-001 -1.250000E+000 4.829629E+000
         vertex 4.952288E-001 -1.848219E+000 4.619398E+000
      endloop
   endfacet
   facet normal 1.239601E-001 -2.992660E-001 9.460834E-001
      outer loop
         vertex 4.952288E-001 -1.848219E+000 4.619398E+000
         vertex 9.567086E-001 -1.657068E+000 4.619398E+000
         vertex 6.470476E-001 -1.120719E+000 4.829629E+000
      endloop
   endfacet
   facet normal 1.971920E-001 -2.569856E-001 9.460834E-001
      outer loop
         vertex 9.150635E-001 -9.150635E-001 4.829629E+000
         vertex 6.470476E-001 -1.120719E+000 4.829629E+000
         vertex 9.567086E-001 -1.657068E+000 4.619398E+000
      endloop
   endfacet
   facet normal 1.971920E-001 -2.569856E-001 9.460834E-001
      outer loop
         vertex 9.567086E-001 -1.657068E+000 4.619398E+000
         vertex 1.352990E+000 -1.352990E+000 4.619398E+000
         vertex 9.150635E-001 -9.150635E-001 4.829629E+000
      endloop
   endfacet
   facet normal 2.569856E-001 -1.971920E-001 9.460834E-001
      outer loop
         vertex 1.120719E+000 -6.470476E-001 4.829629E+000
         vertex 9.150635E-001 -9.150635E-001 4.829629E+000
         vertex 1.352990E+000 -1.352990E+000 4.619398E+000
      endloop
   endfacet
   facet normal 2.569856E-001 -1.971920E-001 9.460834E-001
      outer loop
         vertex 1.352990E+000 -1.352990E+000 4.619398E+000
         vertex 1.657068E+000 -9.567086E-001 4.619398E+000
         vertex 1.120719E+000 -6.470476E-001 4.829629E+000
      endloop
   endfacet
   facet normal 2.992660E-001 -1.239601E-001 9.460834E-001
      outer loop
         vertex 1.250000E+000 -3.349365E-001 4.829629E+000
         vertex 1.120719E+000 -6.470476E-001 4.829629E+000
         vertex 1.657068E+000 -9.567086E-001 4.619398E+000
      endloop
   endfacet
   facet normal 2.992660E-001 -1.239601E-001 9.460834E-001
      outer loop
         vertex 1.657068E+000 -9.567086E-001 4.619398E+000
         vertex 1.848219E+000 -4.952288E-001 4.619398E+000
         vertex 1.250000E+000 -3.349365E-001 4.829629E+000
      endloop
   endfacet
   facet normal 3.211520E-001 -4.228047E-002 9.460834E-001
      outer loop
         vertex 1.294095E+000 -3.169514E-016 4.829629E+000
         vertex 1.250000E+000 -3.349365E-001 4.829629E+000
         vertex 1.848219E+000 -4.952288E-001 4.619398E+000
      endloop
   endfacet
   facet normal 3.211520E-001 -4.228047E-002 9.460834E-001
      outer loop
         vertex 1.848219E+000 -4.952288E-001 4.619398E+000
         vertex 1.913417E+000 -4.686365E-016 4.619398E+000
         vertex 1.294095E+000 -3.169514E-016 4.829629E+000
      endloop
   endfacet
   facet normal 1.950260E-001 2.567566E-002 9.804620E-001
      outer loop
         vertex 6.303931E-001 1.689133E-001 4.957224E+000
         vertex 6.526310E-001 0.000000E+000 4.957224E+000
         vertex 1.294095E+000 0.000000E+000 4.829629E+000
      endloop
   endfacet
   facet normal 1.950260E-001 2.567566E-002 9.804620E-001
      outer loop
         vertex 1.294095E+000 0.000000E+000 4.829629E+000
         vertex 1.250000E+000 3.349365E-001 4.829629E+000
         vertex 6.303931E-001 1.689133E-001 4.957224E+000
      endloop
   endfacet
   facet normal 1.817353E-001 7.527723E-002 9.804620E-001
      outer loop
         vertex 5.651950E-001 3.263155E-001 4.957224E+000
         vertex 6.303931E-001 1.689133E-001 4.957224E+000
         vertex 1.250000E+000 3.349365E-001 4.829629E+000
      endloop
   endfacet
   facet normal 1.817353E-001 7.527723E-002 9.804620E-001
      outer loop
         vertex 1.250000E+000 3.349365E-001 4.829629E+000
         vertex 1.120719E+000 6.470476E-001 4.829629E+000
         vertex 5.651950E-001 3.263155E-001 4.957224E+000
      endloop
   endfacet
   facet normal 1.560596E-001 1.197488E-001 9.804620E-001
      outer loop
         vertex 4.614798E-001 4.614798E-001 4.957224E+000
         vertex 5.651950E-001 3.263155E-001 4.957224E+000
         vertex 1.120719E+000 6.470476E-001 4.829629E+000
      endloop
   endfacet
   facet normal 1.560596E-001 1.197488E-001 9.804620E-001
      outer loop
         vertex 1.120719E+000 6.470476E-001 4.829629E+000
         vertex 9.150635E-001 9.150635E-001 4.829629E+000
         vertex 4.614798E-001 4.614798E-001 4.957224E+000
      endloop
   endfacet
   facet normal 1.197488E-001 1.560596E-001 9.804620E-001
      outer loop
         vertex 3.263155E-001 5.651950E-001 4.957224E+000
         vertex 4.614798E-001 4.614798E-001 4.957224E+000
         vertex 9.150635E-001 9.150635E-001 4.829629E+000
      endloop
   endfacet
   facet normal 1.197488E-001 1.560596E-001 9.804620E-001
      outer loop
         vertex 9.150635E-001 9.150635E-001 4.829629E+000
         vertex 6.470476E-001 1.120719E+000 4.829629E+000
         vertex 3.263155E-001 5.651950E-001 4.957224E+000
      endloop
   endfacet
   facet normal 7.527723E-002 1.817353E-001 9.804620E-001
      outer loop
         vertex 1.689133E-001 6.303931E-001 4.957224E+000
         vertex 3.263155E-001 5.651950E-001 4.957224E+000
         vertex 6.470476E-001 1.120719E+000 4.829629E+000
      endloop
   endfacet
   facet normal 7.527723E-002 1.817353E-001 9.804620E-001
      outer loop
         vertex 6.470476E-001 1.120719E+000 4.829629E+000
         vertex 3.349365E-001 1.250000E+000 4.829629E+000
         vertex 1.689133E-001 6.303931E-001 4.957224E+000
      endloop
   endfacet
   facet normal 2.567566E-002 1.950260E-001 9.804620E-001
      outer loop
         vertex 3.996080E-017 6.526310E-001 4.957224E+000
         vertex 1.689133E-001 6.303931E-001 4.957224E+000
         vertex 3.349365E-001 1.250000E+000 4.829629E+000
      endloop
   endfacet
   facet normal 2.567566E-002 1.950260E-001 9.804620E-001
      outer loop
         vertex 3.349365E-001 1.250000E+000 4.829629E+000
         vertex 7.923786E-017 1.294095E+000 4.829629E+000
         vertex 3.996080E-017 6.526310E-001 4.957224E+000
      endloop
   endfacet
   facet normal -2.567566E-002 1.950260E-001 9.804620E-001
      outer loop
         vertex -1.689133E-001 6.303931E-001 4.957224E+000
         vertex 3.996080E-017 6.526310E-001 4.957224E+000
         vertex 7.923786E-017 1.294095E+000 4.829629E+000
      endloop
   endfacet
   facet normal -2.567566E-002 1.950260E-001 9.804620E-001
      outer loop
         vertex 7.923786E-017 1.294095E+000 4.829629E+000
         vertex -3.349365E-001 1.250000E+000 4.829629E+000
         vertex -1.689133E-001 6.303931E-001 4.957224E+000
      endloop
   endfacet
   facet normal -7.527723E-002 1.817353E-001 9.804620E-001
      outer loop
         vertex -3.263155E-001 5.651950E-001 4.957224E+000
         vertex -1.689133E-001 6.303931E-001 4.957224E+000
         vertex -3.349365E-001 1.250000E+000 4.829629E+000
      endloop
   endfacet
   facet normal -7.527723E-002 1.817353E-001 9.804620E-001
      outer loop
         vertex -3.349365E-001 1.250000E+000 4.829629E+000
         vertex -6.470476E-001 1.120719E+000 4.829629E+000
         vertex -3.263155E-001 5.651950E-001 4.957224E+000
      endloop
   endfacet
   facet normal -1.197488E-001 1.560596E-001 9.804620E-001
      outer loop
         vertex -4.614798E-001 4.614798E-001 4.957224E+000
         vertex -3.263155E-001 5.651950E-001 4.957224E+000
         vertex -6.470476E-001 1.120719E+000 4.829629E+000
      endloop
   endfacet
   facet normal -1.197488E-001 1.560596E-001 9.804620E-001
      outer loop
         vertex -6.470476E-001 1.120719E+000 4.829629E+000
         vertex -9.150635E-001 9.150635E-001 4.829629E+000
         vertex -4.614798E-001 4.614798E-001 4.957224E+000
      endloop
   endfacet
   facet normal -1.560596E-001 1.197488E-001 9.804620E-001
      outer loop
         vertex -5.651950E-001 3.263155E-001 4.957224E+000
         vertex -4.614798E-001 4.614798E-001 4.957224E+000
         vertex -9.150635E-001 9.150635E-001 4.829629E+000
      endloop
   endfacet
   facet normal -1.560596E-001 1.197488E-001 9.804620E-001
      outer loop
         vertex -9.150635E-001 9.150635E-001 4.829629E+000
         vertex -1.120719E+000 6.470476E-001 4.829629E+000
         vertex -5.651950E-001 3.263155E-001 4.957224E+000
      endloop
   endfacet
   facet normal -1.817353E-001 7.527723E-002 9.804620E-001
      outer loop
         vertex -6.303931E-001 1.689133E-001 4.957224E+000
         vertex -5.651950E-001 3.263155E-001 4.957224E+000
         vertex -1.120719E+000 6.470476E-001 4.829629E+000
      endloop
   endfacet
   facet normal -1.817353E-001 7.527723E-002 9.804620E-001
      outer loop
         vertex -1.120719E+000 6.470476E-001 4.829629E+000
         vertex -1.250000E+000 3.349365E-001 4.829629E+000
         vertex -6.303931E-001 1.689133E-001 4.957224E+000
      endloop
   endfacet
   facet normal -1.950260E-001 2.567566E-002 9.804620E-001
      outer loop
         vertex -6.526310E-001 7.992160E-017 4.957224E+000
         vertex -6.303931E-001 1.689133E-001 4.957224E+000
         vertex -1.250000E+000 3.349365E-001 4.829629E+000
      endloop
   endfacet
   facet normal -1.950260E-001 2.567566E-002 9.804620E-001
      outer loop
         vertex -1.250000E+000 3.349365E-001 4.829629E+000
         vertex -1.294095E+000 1.584757E-016 4.829629E+000
         vertex -6.526310E-001 7.992160E-017 4.957224E+000
      endloop
   endfacet
   facet normal -1.950260E-001 -2.567566E-002 9.804620E-001
      outer loop
         vertex -6.303931E-001 -1.689133E-001 4.957224E+000
         vertex -6.526310E-001 7.992160E-017 4.957224E+000
         vertex -1.294095E+000 1.584757E-016 4.829629E+000
      endloop
   endfacet
   facet normal -1.950260E-001 -2.567566E-002 9.804620E-001
      outer loop
         vertex -1.294095E+000 1.584757E-016 4.829629E+000
         vertex -1.250000E+000 -3.349365E-001 4.829629E+000
         vertex -6.303931E-001 -1.689133E-001 4.957224E+000
      endloop
   endfacet
   facet normal -1.817353E-001 -7.527723E-002 9.804620E-001
      outer loop
         vertex -5.651950E-001 -3.263155E-001 4.957224E+000
         vertex -6.303931E-001 -1.689133E-001 4.957224E+000
         vertex -1.250000E+000 -3.349365E-001 4.829629E+000
      endloop
   endfacet
   facet normal -1.817353E-001 -7.527723E-002 9.804620E-001
      outer loop
         vertex -1.250000E+000 -3.349365E-001 4.829629E+000
         vertex -1.120719E+000 -6.470476E-001 4.829629E+000
         vertex -5.651950E-001 -3.263155E-001 4.957224E+000
      endloop
   endfacet
   facet normal -1.560596E-001 -1.197488E-001 9.804620E-001
      outer loop
         vertex -4.614798E-001 -4.614798E-001 4.957224E+000
         vertex -5.651950E-001 -3.263155E-001 4.957224E+000
         vertex -1.120719E+000 -6.470476E-001 4.829629E+000
      endloop
   endfacet
   facet normal -1.560596E-001 -1.197488E-001 9.804620E-001
      outer loop
         vertex -1.120719E+000 -6.470476E-001 4.829629E+000
         vertex -9.150635E-001 -9.150635E-001 4.829629E+000
         vertex -4.614798E-001 -4.614798E-001 4.957224E+000
      endloop
   endfacet
   facet normal -1.197488E-001 -1.560596E-001 9.804620E-001
      outer loop
         vertex -3.263155E-001 -5.651950E-001 4.957224E+000
         vertex -4.614798E-001 -4.614798E-001 4.957224E+000
         vertex -9.150635E-001 -9.150635E-001 4.829629E+000
      endloop
   endfacet
   facet normal -1.197488E-001 -1.560596E-001 9.804620E-001
      outer loop
         vertex -9.150635E-001 -9.150635E-001 4.829629E+000
         vertex -6.470476E-001 -1.120719E+000 4.829629E+000
         vertex -3.263155E-001 -5.651950E-001 4.957224E+000
      endloop
   endfacet
   facet normal -7.527723E-002 -1.817353E-001 9.804620E-001
      outer loop
         vertex -1.689133E-001 -6.303931E-001 4.957224E+000
         vertex -3.263155E-001 -5.651950E-001 4.957224E+000
         vertex -6.470476E-001 -1.120719E+000 4.829629E+000
      endloop
   endfacet
   facet normal -7.527723E-002 -1.817353E-001 9.804620E-001
      outer loop
         vertex -6.470476E-001 -1.120719E+000 4.829629E+000
         vertex -3.349365E-001 -1.250000E+000 4.829629E+000
         vertex -1.689133E-001 -6.303931E-001 4.957224E+000
      endloop
   endfacet
   facet normal -2.567566E-002 -1.950260E-001 9.804620E-001
      outer loop
         vertex -1.198824E-016 -6.526310E-001 4.957224E+000
         vertex -1.689133E-001 -6.303931E-001 4.957224E+000
         vertex -3.349365E-001 -1.250000E+000 4.829629E+000
      endloop
   endfacet
   facet normal -2.567566E-002 -1.950260E-001 9.804620E-001
      outer loop
         vertex -3.349365E-001 -1.250000E+000 4.829629E+000
         vertex -2.377136E-016 -1.294095E+000 4.829629E+000
         vertex -1.198824E-016 -6.526310E-001 4.957224E+000
      endloop
   endfacet
   facet normal 2.567566E-002 -1.950260E-001 9.804620E-001
      outer loop
         vertex 1.689133E-001 -6.303931E-001 4.957224E+000
         vertex -1.198824E-016 -6.526310E-001 4.957224E+000
         vertex -2.377136E-016 -1.294095E+000 4.829629E+000
      endloop
   endfacet
   facet normal 2.567566E-002 -1.950260E-001 9.804620E-001
      outer loop
         vertex -2.377136E-016 -1.294095E+000 4.829629E+000
         vertex 3.349365E-001 -1.250000E+000 4.829629E+000
         vertex 1.689133E-001 -6.303931E-001 4.957224E+000
      endloop
   endfacet
   facet normal 7.527723E-002 -1.817353E-001 9.804620E-001
      outer loop
         vertex 3.263155E-001 -5.651950E-001 4.957224E+000
         vertex 1.689133E-001 -6.303931E-001 4.957224E+000
         vertex 3.349365E-001 -1.250000E+000 4.829629E+000
      endloop
   endfacet
   facet normal 7.527723E-002 -1.817353E-001 9.804620E-001
      outer loop
         vertex 3.349365E-001 -1.250000E+000 4.829629E+000
         vertex 6.470476E-001 -1.120719E+000 4.829629E+000
         vertex 3.263155E-001 -5.651950E-001 4.957224E+000
      endloop
   endfacet
   facet normal 1.197488E-001 -1.560596E-001 9.804620E-001
      outer loop
         vertex 4.614798E-001 -4.614798E-001 4.957224E+000
         vertex 3.263155E-001 -5.651950E-001 4.957224E+000
         vertex 6.470476E-001 -1.120719E+000 4.829629E+000
      endloop
   endfacet
   facet normal 1.197488E-001 -1.560596E-001 9.804620E-001
      outer loop
         vertex 6.470476E-001 -1.120719E+000 4.829629E+000
         vertex 9.150635E-001 -9.150635E-001 4.829629E+000
         vertex 4.614798E-001 -4.614798E-001 4.957224E+000
      endloop
   endfacet
   facet normal 1.560596E-001 -1.197488E-001 9.804620E-001
      outer loop
         vertex 5.651950E-001 -3.263155E-001 4.957224E+000
         vertex 4.614798E-001 -4.614798E-001 4.957224E+000
         vertex 9.150635E-001 -9.150635E-001 4.829629E+000
      endloop
   endfacet
   facet normal 1.560596E-001 -1.197488E-001 9.804620E-001
      outer loop
         vertex 9.150635E-001 -9.150635E-001 4.829629E+000
         vertex 1.120719E+000 -6.470476E-001 4.829629E+000
         vertex 5.651950E-001 -3.263155E-001 4.957224E+000
      endloop
   endfacet
   facet normal 1.817353E-001 -7.527723E-002 9.804620E-001
      outer loop
         vertex 6.303931E-001 -1.689133E-001 4.957224E+000
         vertex 5.651950E-001 -3.263155E-001 4.957224E+000
         vertex 1.120719E+000 -6.470476E-001 4.829629E+000
      endloop
   endfacet
   facet normal 1.817353E-001 -7.527723E-002 9.804620E-001
      outer loop
         vertex 1.120719E+000 -6.470476E-001 4.829629E+000
         vertex 1.250000E+000 -3.349365E-001 4.829629E+000
         vertex 6.303931E-001 -1.689133E-001 4.957224E+000
      endloop
   endfacet
   facet normal 1.950260E-001 -2.567566E-002 9.804620E-001
      outer loop
         vertex 6.526310E-001 -1.598432E-016 4.957224E+000
         vertex 6.303931E-001 -1.689133E-001 4.957224E+000
         vertex 1.250000E+000 -3.349365E-001 4.829629E+000
      endloop
   endfacet
   facet normal 1.950260E-001 -2.567566E-002 9.804620E-001
      outer loop
         vertex 1.250000E+000 -3.349365E-001 4.829629E+000
         vertex 1.294095E+000 -3.169514E-016 4.829629E+000
         vertex 6.526310E-001 -1.598432E-016 4.957224E+000
      endloop
   endfacet
   facet normal 6.540070E-002 8.610166E-003 9.978219E-001
      outer loop
         vertex 2.957197E-016 7.923786E-017 5.000000E+000
         vertex 3.061516E-016 0.000000E+000 5.000000E+000
         vertex 6.526310E-001 0.000000E+000 4.957224E+000
      endloop
   endfacet
   facet normal 6.540070E-002 8.610166E-003 9.978219E-001
      outer loop
         vertex 6.526310E-001 0.000000E+000 4.957224E+000
         vertex 6.303931E-001 1.689133E-001 4.957224E+000
         vertex 2.957197E-016 7.923786E-017 5.000000E+000
      endloop
   endfacet
   facet normal 6.094376E-002 2.524373E-002 9.978219E-001
      outer loop
         vertex 2.651351E-016 1.530758E-016 5.000000E+000
         vertex 2.957197E-016 7.923786E-017 5.000000E+000
         vertex 6.303931E-001 1.689133E-001 4.957224E+000
      endloop
   endfacet
   facet normal 6.094376E-002 2.524373E-002 9.978219E-001
      outer loop
         vertex 6.303931E-001 1.689133E-001 4.957224E+000
         vertex 5.651950E-001 3.263155E-001 4.957224E+000
         vertex 2.651351E-016 1.530758E-016 5.000000E+000
      endloop
   endfacet
   facet normal 5.233359E-002 4.015698E-002 9.978219E-001
      outer loop
         vertex 2.164819E-016 2.164819E-016 5.000000E+000
         vertex 2.651351E-016 1.530758E-016 5.000000E+000
         vertex 5.651950E-001 3.263155E-001 4.957224E+000
      endloop
   endfacet
   facet normal 5.233359E-002 4.015698E-002 9.978219E-001
      outer loop
         vertex 5.651950E-001 3.263155E-001 4.957224E+000
         vertex 4.614798E-001 4.614798E-001 4.957224E+000
         vertex 2.164819E-016 2.164819E-016 5.000000E+000
      endloop
   endfacet
   facet normal 4.015698E-002 5.233359E-002 9.978219E-001
      outer loop
         vertex 1.530758E-016 2.651351E-016 5.000000E+000
         vertex 2.164819E-016 2.164819E-016 5.000000E+000
         vertex 4.614798E-001 4.614798E-001 4.957224E+000
      endloop
   endfacet
   facet normal 4.015698E-002 5.233359E-002 9.978219E-001
      outer loop
         vertex 4.614798E-001 4.614798E-001 4.957224E+000
         vertex 3.263155E-001 5.651950E-001 4.957224E+000
         vertex 1.530758E-016 2.651351E-016 5.000000E+000
      endloop
   endfacet
   facet normal 2.524373E-002 6.094376E-002 9.978219E-001
      outer loop
         vertex 7.923786E-017 2.957197E-016 5.000000E+000
         vertex 1.530758E-016 2.651351E-016 5.000000E+000
         vertex 3.263155E-001 5.651950E-001 4.957224E+000
      endloop
   endfacet
   facet normal 2.524373E-002 6.094376E-002 9.978219E-001
      outer loop
         vertex 3.263155E-001 5.651950E-001 4.957224E+000
         vertex 1.689133E-001 6.303931E-001 4.957224E+000
         vertex 7.923786E-017 2.957197E-016 5.000000E+000
      endloop
   endfacet
   facet normal 8.610166E-003 6.540070E-002 9.978219E-001
      outer loop
         vertex 1.874576E-032 3.061516E-016 5.000000E+000
         vertex 7.923786E-017 2.957197E-016 5.000000E+000
         vertex 1.689133E-001 6.303931E-001 4.957224E+000
      endloop
   endfacet
   facet normal 8.610166E-003 6.540070E-002 9.978219E-001
      outer loop
         vertex 1.689133E-001 6.303931E-001 4.957224E+000
         vertex 3.996080E-017 6.526310E-001 4.957224E+000
         vertex 1.874576E-032 3.061516E-016 5.000000E+000
      endloop
   endfacet
   facet normal -8.610166E-003 6.540070E-002 9.978219E-001
      outer loop
         vertex -7.923786E-017 2.957197E-016 5.000000E+000
         vertex 1.874576E-032 3.061516E-016 5.000000E+000
         vertex 3.996080E-017 6.526310E-001 4.957224E+000
      endloop
   endfacet
   facet normal -8.610166E-003 6.540070E-002 9.978219E-001
      outer loop
         vertex 3.996080E-017 6.526310E-001 4.957224E+000
         vertex -1.689133E-001 6.303931E-001 4.957224E+000
         vertex -7.923786E-017 2.957197E-016 5.000000E+000
      endloop
   endfacet
   facet normal -2.524373E-002 6.094376E-002 9.978219E-001
      outer loop
         vertex -1.530758E-016 2.651351E-016 5.000000E+000
         vertex -7.923786E-017 2.957197E-016 5.000000E+000
         vertex -1.689133E-001 6.303931E-001 4.957224E+000
      endloop
   endfacet
   facet normal -2.524373E-002 6.094376E-002 9.978219E-001
      outer loop
         vertex -1.689133E-001 6.303931E-001 4.957224E+000
         vertex -3.263155E-001 5.651950E-001 4.957224E+000
         vertex -1.530758E-016 2.651351E-016 5.000000E+000
      endloop
   endfacet
   facet normal -4.015698E-002 5.233359E-002 9.978219E-001
      outer loop
         vertex -2.164819E-016 2.164819E-016 5.000000E+000
         vertex -1.530758E-016 2.651351E-016 5.000000E+000
         vertex -3.263155E-001 5.651950E-001 4.957224E+000
      endloop
   endfacet
   facet normal -4.015698E-002 5.233359E-002 9.978219E-001
      outer loop
         vertex -3.263155E-001 5.651950E-001 4.957224E+000
         vertex -4.614798E-001 4.614798E-001 4.957224E+000
         vertex -2.164819E-016 2.164819E-016 5.000000E+000
      endloop
   endfacet
   facet normal -5.233359E-002 4.015698E-002 9.978219E-001
      outer loop
         vertex -2.651351E-016 1.530758E-016 5.000000E+000
         vertex -2.164819E-016 2.164819E-016 5.000000E+000
         vertex -4.614798E-001 4.614798E-001 4.957224E+000
      endloop
   endfacet
   facet normal -5.233359E-002 4.015698E-002 9.978219E-001
      outer loop
         vertex -4.614798E-001 4.614798E-001 4.957224E+000
         vertex -5.651950E-001 3.263155E-001 4.957224E+000
         vertex -2.651351E-016 1.530758E-016 5.000000E+000
      endloop
   endfacet
   facet normal -6.094376E-002 2.524373E-002 9.978219E-001
      outer loop
         vertex -2.957197E-016 7.923786E-017 5.000000E+000
         vertex -2.651351E-016 1.530758E-016 5.000000E+000
         vertex -5.651950E-001 3.263155E-001 4.957224E+000
      endloop
   endfacet
   facet normal -6.094376E-002 2.524373E-002 9.978219E-001
      outer loop
         vertex -5.651950E-001 3.263155E-001 4.957224E+000
         vertex -6.303931E-001 1.689133E-001 4.957224E+000
         vertex -2.957197E-016 7.923786E-017 5.000000E+000
      endloop
   endfacet
   facet normal -6.540070E-002 8.610166E-003 9.978219E-001
      outer loop
         vertex -3.061516E-016 3.749152E-032 5.000000E+000
         vertex -2.957197E-016 7.923786E-017 5.000000E+000
         vertex -6.303931E-001 1.689133E-001 4.957224E+000
      endloop
   endfacet
   facet normal -6.540070E-002 8.610166E-003 9.978219E-001
      outer loop
         vertex -6.303931E-001 1.689133E-001 4.957224E+000
         vertex -6.526310E-001 7.992160E-017 4.957224E+000
         vertex -3.061516E-016 3.749152E-032 5.000000E+000
      endloop
   endfacet
   facet normal -6.540070E-002 -8.610166E-003 9.978219E-001
      outer loop
         vertex -2.957197E-016 -7.923786E-017 5.000000E+000
         vertex -3.061516E-016 3.749152E-032 5.000000E+000
         vertex -6.526310E-001 7.992160E-017 4.957224E+000
      endloop
   endfacet
   facet normal -6.540070E-002 -8.610166E-003 9.978219E-001
      outer loop
         vertex -6.526310E-001 7.992160E-017 4.957224E+000
         vertex -6.303931E-001 -1.689133E-001 4.957224E+000
         vertex -2.957197E-016 -7.923786E-017 5.000000E+000
      endloop
   endfacet
   facet normal -6.094376E-002 -2.524373E-002 9.978219E-001
      outer loop
         vertex -2.651351E-016 -1.530758E-016 5.000000E+000
         vertex -2.957197E-016 -7.923786E-017 5.000000E+000
         vertex -6.303931E-001 -1.689133E-001 4.957224E+000
      endloop
   endfacet
   facet normal -6.094376E-002 -2.524373E-002 9.978219E-001
      outer loop
         vertex -6.303931E-001 -1.689133E-001 4.957224E+000
         vertex -5.651950E-001 -3.263155E-001 4.957224E+000
         vertex -2.651351E-016 -1.530758E-016 5.000000E+000
      endloop
   endfacet
   facet normal -5.233359E-002 -4.015698E-002 9.978219E-001
      outer loop
         vertex -2.164819E-016 -2.164819E-016 5.000000E+000
         vertex -2.651351E-016 -1.530758E-016 5.000000E+000
         vertex -5.651950E-001 -3.263155E-001 4.957224E+000
      endloop
   endfacet
   facet normal -5.233359E-002 -4.015698E-002 9.978219E-001
      outer loop
         vertex -5.651950E-001 -3.263155E-001 4.957224E+000
         vertex -4.614798E-001 -4.614798E-001 4.957224E+000
         vertex -2.164819E-016 -2.164819E-016 5.000000E+000
      endloop
   endfacet
   facet normal -4.015698E-002 -5.233359E-002 9.978219E-001
      outer loop
         vertex -1.530758E-016 -2.651351E-016 5.000000E+000
         vertex -2.164819E-016 -2.164819E-016 5.000000E+000
         vertex -4.614798E-001 -4.614798E-001 4.957224E+000
      endloop
   endfacet
   facet normal -4.015698E-002 -5.233359E-002 9.978219E-001
      outer loop
         vertex -4.614798E-001 -4.614798E-001 4.957224E+000
         vertex -3.263155E-001 -5.651950E-001 4.957224E+000
         vertex -1.530758E-016 -2.651351E-016 5.000000E+000
      endloop
   endfacet
   facet normal -2.524373E-002 -6.094376E-002 9.978219E-001
      outer loop
         vertex -7.923786E-017 -2.957197E-016 5.000000E+000
         vertex -1.530758E-016 -2.651351E-016 5.000000E+000
         vertex -3.263155E-001 -5.651950E-001 4.957224E+000
      endloop
   endfacet
   facet normal -2.524373E-002 -6.094376E-002 9.978219E-001
      outer loop
         vertex -3.263155E-001 -5.651950E-001 4.957224E+000
         vertex -1.689133E-001 -6.303931E-001 4.957224E+000
         vertex -7.923786E-017 -2.957197E-016 5.000000E+000
      endloop
   endfacet
   facet normal -8.610166E-003 -6.540070E-002 9.978219E-001
      outer loop
         vertex -5.623728E-032 -3.061516E-016 5.000000E+000
         vertex -7.923786E-017 -2.957197E-016 5.000000E+000
         vertex -1.689133E-001 -6.303931E-001 4.957224E+000
      endloop
   endfacet
   facet normal -8.610166E-003 -6.540070E-002 9.978219E-001
      outer loop
         vertex -1.689133E-001 -6.303931E-001 4.957224E+000
         vertex -1.198824E-016 -6.526310E-001 4.957224E+000
         vertex -5.623728E-032 -3.061516E-016 5.000000E+000
      endloop
   endfacet
   facet normal 8.610166E-003 -6.540070E-002 9.978219E-001
      outer loop
         vertex 7.923786E-017 -2.957197E-016 5.000000E+000
         vertex -5.623728E-032 -3.061516E-016 5.000000E+000
         vertex -1.198824E-016 -6.526310E-001 4.957224E+000
      endloop
   endfacet
   facet normal 8.610166E-003 -6.540070E-002 9.978219E-001
      outer loop
         vertex -1.198824E-016 -6.526310E-001 4.957224E+000
         vertex 1.689133E-001 -6.303931E-001 4.957224E+000
         vertex 7.923786E-017 -2.957197E-016 5.000000E+000
      endloop
   endfacet
   facet normal 2.524373E-002 -6.094376E-002 9.978219E-001
      outer loop
         vertex 1.530758E-016 -2.651351E-016 5.000000E+000
         vertex 7.923786E-017 -2.957197E-016 5.000000E+000
         vertex 1.689133E-001 -6.303931E-001 4.957224E+000
      endloop
   endfacet
   facet normal 2.524373E-002 -6.094376E-002 9.978219E-001
      outer loop
         vertex 1.689133E-001 -6.303931E-001 4.957224E+000
         vertex 3.263155E-001 -5.651950E-001 4.957224E+000
         vertex 1.530758E-016 -2.651351E-016 5.000000E+000
      endloop
   endfacet
   facet normal 4.015698E-002 -5.233359E-002 9.978219E-001
      outer loop
         vertex 2.164819E-016 -2.164819E-016 5.000000E+000
         vertex 1.530758E-016 -2.651351E-016 5.000000E+000
         vertex 3.263155E-001 -5.651950E-001 4.957224E+000
      endloop
   endfacet
   facet normal 4.015698E-002 -5.233359E-002 9.978219E-001
      outer loop
         vertex 3.263155E-001 -5.651950E-001 4.957224E+000
         vertex 4.614798E-001 -4.614798E-001 4.957224E+000
         vertex 2.164819E-016 -2.164819E-016 5.000000E+000
      endloop
   endfacet
   facet normal 5.233359E-002 -4.015698E-002 9.978219E-001
      outer loop
         vertex 2.651351E-016 -1.530758E-016 5.000000E+000
         vertex 2.164819E-016 -2.164819E-016 5.000000E+000
         vertex 4.614798E-001 -4.614798E-001 4.957224E+000
      endloop
   endfacet
   facet normal 5.233359E-002 -4.015698E-002 9.978219E-001
      outer loop
         vertex 4.614798E-001 -4.614798E-001 4.957224E+000
         vertex 5.651950E-001 -3.263155E-001 4.957224E+000
         vertex 2.651351E-016 -1.530758E-016 5.000000E+000
      endloop
   endfacet
   facet normal 6.094376E-002 -2.524373E-002 9.978219E-001
      outer loop
         vertex 2.957197E-016 -7.923786E-017 5.000000E+000
         vertex 2.651351E-016 -1.530758E-016 5.000000E+000
         vertex 5.651950E-001 -3.263155E-001 4.957224E+000
      endloop
   endfacet
   facet normal 6.094376E-002 -2.524373E-002 9.978219E-001
      outer loop
         vertex 5.651950E-001 -3.263155E-001 4.957224E+000
         vertex 6.303931E-001 -1.689133E-001 4.957224E+000
         vertex 2.957197E-016 -7.923786E-017 5.000000E+000
      endloop
   endfacet
   facet normal 6.540070E-002 -8.610166E-003 9.978219E-001
      outer loop
         vertex 3.061516E-016 -7.498303E-032 5.000000E+000
         vertex 2.957197E-016 -7.923786E-017 5.000000E+000
         vertex 6.303931E-001 -1.689133E-001 4.957224E+000
      endloop
   endfacet
   facet normal 6.540070E-002 -8.610166E-003 9.978219E-001
      outer loop
         vertex 6.303931E-001 -1.689133E-001 4.957224E+000
         vertex 6.526310E-001 -1.598432E-016 4.957224E+000
         vertex 3.061516E-016 -7.498303E-032 5.000000E+000
      endloop
   endfacet
endsolid
